"id","external_ids","event_time","ingested_at","first_seen","last_seen","jam_line_geog","city","street_name","road_number","road_type_code","delay_seconds","length_m","speed_kmh","speed_normal_kmh","severity","quality_score","raw","segment_id"
1326,"{""waze"": ""708736998"", ""waze_alert"": [""ca97a989-d3b6-476a-9289-b21000d20936"", ""dadc2e9c-221e-482c-8e9e-cda39a76e8d7""]}","2026-04-09 05:03:04.973+00","2026-04-09 05:03:23.786149+00","2026-04-09 05:03:23.786149+00","2026-04-09 05:14:30.198691+00","0102000020E6100000090000000403081F4A9030400403081F4A964840DF1B4300709030404BAFCDC64A9648402D0ABB287A903040ECA694D74A964840A7B228ECA2903040C2DF2F664B96484055850662D9903040CE8DE9094B96484030F5F3A6229130409F3D97A94996484079EA9106B7913040DD0BCC0A45964840EBFEB1101D9230404FE78A5242964840BC3FDEAB569230403EB0E3BF40964840","Brno","Jihlavská","602","secondary",107.0,584.0,12.68,35.75241671584143,"heavy",100,"{""jam"": {""id"": 708736998, ""city"": ""Brno"", ""line"": [{""x"": 16.563631, ""y"": 49.174137}, {""x"": 16.564209, ""y"": 49.174157}, {""x"": 16.564364, ""y"": 49.174159}, {""x"": 16.564986, ""y"": 49.174176}, {""x"": 16.565817, ""y"": 49.174165}, {""x"": 16.566935, ""y"": 49.174123}, {""x"": 16.569199, ""y"": 49.173982}, {""x"": 16.570756, ""y"": 49.173899}, {""x"": 16.571635, ""y"": 49.173851}], ""uuid"": 708736998, ""_type"": ""jam"", ""delay"": 107, ""level"": 3, ""speed"": 3.522222222222222, ""length"": 584, ""street"": ""Jihlavská"", ""_source"": ""waze"", ""country"": ""EZ"", ""endNode"": ""Osová"", ""roadType"": 7, ""segments"": [{""ID"": 205262250, ""toNode"": 185116406, ""fromNode"": 96728320, ""isForward"": false}, {""ID"": 205262260, ""toNode"": 185116407, ""fromNode"": 185116406, ""isForward"": true}, {""ID"": 205262252, ""toNode"": 185116231, ""fromNode"": 185116407, ""isForward"": true}, {""ID"": 205261838, ""toNode"": 92813100, ""fromNode"": 185116231, ""isForward"": true}, {""ID"": 86290950, ""toNode"": 96728279, ""fromNode"": 92813100, ""isForward"": true}, {""ID"": 90067547, ""toNode"": 96733838, ""fromNode"": 96728279, ""isForward"": true}, {""ID"": 90076380, ""toNode"": 96733850, ""fromNode"": 96733838, ""isForward"": true}], ""speedKMH"": 12.68, ""turnType"": ""NONE"", ""pubMillis"": 1775710984973, ""_fetchedAt"": ""2026-04-09T05:10:20.260064283Z""}, ""alerts"": [{""city"": ""Brno"", ""type"": ""JAM"", ""uuid"": ""ca97a989-d3b6-476a-9289-b21000d20936"", ""_type"": ""alert"", ""magvar"": 196, ""street"": ""» N. Lískovec / Bohunice"", ""_source"": ""waze"", ""country"": ""EZ"", ""subtype"": ""JAM_HEAVY_TRAFFIC"", ""location"": {""x"": 16.563789, ""y"": 49.179127}, ""roadType"": 4, ""pubMillis"": 1775711521000, ""_fetchedAt"": ""2026-04-09T05:12:20.271365370Z"", ""confidence"": 0, ""reliability"": 5, ""reportRating"": 2, ""reportByMunicipalityUser"": ""false""}, {""city"": ""Brno"", ""type"": ""HAZARD"", ""uuid"": ""dadc2e9c-221e-482c-8e9e-cda39a76e8d7"", ""_type"": ""alert"", ""magvar"": 194, ""street"": ""Bítešská"", ""_source"": ""waze"", ""country"": ""EZ"", ""subtype"": ""HAZARD_ON_SHOULDER_CAR_STOPPED"", ""location"": {""x"": 16.562885, ""y"": 49.17572}, ""roadType"": 3, ""pubMillis"": 1775711502000, ""_fetchedAt"": ""2026-04-09T05:12:20.271365370Z"", ""confidence"": 0, ""reliability"": 5, ""reportRating"": 3, ""reportByMunicipalityUser"": ""false""}]}",8181
1775,"{""waze"": ""709406322"", ""waze_alert"": [""f0c1210a-56bc-4fd6-af7e-b70a2864ef06"", ""81e9d1d4-c91a-4171-8131-2974c88cbbf2"", ""fe80d3fa-f35b-4a6f-b98a-9db7044f7e53"", ""269a3a2c-e1d6-48fe-998a-77bb7018e609"", ""246a0c69-2429-4447-9d34-258a3bff52bb""]}","2026-04-09 05:15:07.295+00","2026-04-09 05:15:22.723794+00","2026-04-09 05:15:22.723794+00","2026-04-09 05:46:24.144432+00","0102000020E61000000F0000003CC093162E7F3040A8FC6B79E59648403694DA8B687F3040639B5434D6964840A3772AE09E7F3040F92F1004C89648408FAA2688BA7F3040CDAFE600C19648404298DBBDDC7F3040494C50C3B7964840AEBCE47FF27F304033C005D9B29648403C32569BFF7F3040C4B46FEEAF9648403A048E041A8030403DB5FAEAAA96484040FB9122328030405D363AE7A796484048C2BE9D44803040C9207711A6964840268E3C1059803040CA54C1A8A4964840342F87DD77803040C4978922A4964840348639419B803040B22C98F8A3964840B62FA017EE8030408F56B5A4A3964840DBC4C9FD0E81304012691B7FA2964840","Troubsko","Jihlavská","602","secondary",91.0,605.0,15.79,46.40420450405474,"heavy",100,"{""id"": 709406322, ""city"": ""Troubsko"", ""line"": [{""x"": 16.496797, ""y"": 49.178878}, {""x"": 16.497689, ""y"": 49.178412}, {""x"": 16.498518, ""y"": 49.177979}, {""x"": 16.49894, ""y"": 49.177765}, {""x"": 16.499462, ""y"": 49.177483}, {""x"": 16.499794, ""y"": 49.177333}, {""x"": 16.499994, ""y"": 49.177244}, {""x"": 16.500397, ""y"": 49.177091}, {""x"": 16.500765, ""y"": 49.176999}, {""x"": 16.501047, ""y"": 49.176943}, {""x"": 16.501359, ""y"": 49.1769}, {""x"": 16.501829, ""y"": 49.176884}, {""x"": 16.502369, ""y"": 49.176879}, {""x"": 16.503633, ""y"": 49.176869}, {""x"": 16.504135, ""y"": 49.176834}], ""uuid"": 709406322, ""_type"": ""jam"", ""delay"": 91, ""level"": 3, ""speed"": 4.386111111111111, ""length"": 605, ""street"": ""Jihlavská"", ""_source"": ""waze"", ""country"": ""EZ"", ""endNode"": """", ""roadType"": 7, ""segments"": [{""ID"": 383757443, ""toNode"": 299163393, ""fromNode"": 110586900, ""isForward"": true}, {""ID"": 383757444, ""toNode"": 171575301, ""fromNode"": 299163393, ""isForward"": true}, {""ID"": 283291774, ""toNode"": 234238961, ""fromNode"": 171575301, ""isForward"": true}, {""ID"": 416526087, ""toNode"": 320668507, ""fromNode"": 234238961, ""isForward"": true}, {""ID"": 416526088, ""toNode"": 308678634, ""fromNode"": 320668507, ""isForward"": true}, {""ID"": 398283697, ""toNode"": 299163870, ""fromNode"": 308678634, ""isForward"": true}, {""ID"": 383758170, ""toNode"": 252793393, ""fromNode"": 299163870, ""isForward"": true}, {""ID"": 383758050, ""toNode"": 299163789, ""fromNode"": 252793393, ""isForward"": true}, {""ID"": 383758051, ""toNode"": 297644935, ""fromNode"": 299163789, ""isForward"": true}, {""ID"": 381462790, ""toNode"": 285880535, ""fromNode"": 297644935, ""isForward"": true}, {""ID"": 363254740, ""toNode"": 232577668, ""fromNode"": 285880535, ""isForward"": true}], ""speedKMH"": 15.79, ""turnType"": ""NONE"", ""pubMillis"": 1775711707295, ""_fetchedAt"": ""2026-04-09T05:46:21.261296659Z""}",9210
1874,"{""waze"": ""709636742"", ""waze_alert"": [""1943565d-7058-4b8d-af44-ebc7fa46ec9d"", ""0390a390-060b-474a-acd4-f82e7a770a6b"", ""dfe59693-8205-4547-bbcc-124d094f40c4"", ""e2d62a78-0a8f-49b6-9bd5-ac0fe88ce38d"", ""ae5ebf3b-aa6d-4adc-857b-9bcc21473f69"", ""543a6183-88ab-4555-981b-93fb090f02a1""]}","2026-04-09 05:18:12.258+00","2026-04-09 05:18:20.805198+00","2026-04-09 05:18:20.805198+00","2026-04-09 06:31:23.684052+00","0102000020E6100000080000000403081F4A9030400403081F4A964840DF1B4300709030404BAFCDC64A9648402D0ABB287A903040ECA694D74A964840A7B228ECA2903040C2DF2F664B96484055850662D9903040CE8DE9094B96484030F5F3A6229130409F3D97A94996484079EA9106B7913040DD0BCC0A45964840EBFEB1101D9230404FE78A5242964840","Brno","Jihlavská","602","secondary",154.0,520.0,9.34,40.32026565814963,"heavy",100,"{""id"": 709636742, ""city"": ""Brno"", ""line"": [{""x"": 16.563631, ""y"": 49.174137}, {""x"": 16.564209, ""y"": 49.174157}, {""x"": 16.564364, ""y"": 49.174159}, {""x"": 16.564986, ""y"": 49.174176}, {""x"": 16.565817, ""y"": 49.174165}, {""x"": 16.566935, ""y"": 49.174123}, {""x"": 16.569199, ""y"": 49.173982}, {""x"": 16.570756, ""y"": 49.173899}], ""uuid"": 709636742, ""_type"": ""jam"", ""delay"": 154, ""level"": 3, ""speed"": 2.5944444444444446, ""length"": 520, ""street"": ""Jihlavská"", ""_source"": ""waze"", ""country"": ""EZ"", ""endNode"": """", ""roadType"": 7, ""segments"": [{""ID"": 205262250, ""toNode"": 185116406, ""fromNode"": 96728320, ""isForward"": false}, {""ID"": 205262260, ""toNode"": 185116407, ""fromNode"": 185116406, ""isForward"": true}, {""ID"": 205262252, ""toNode"": 185116231, ""fromNode"": 185116407, ""isForward"": true}, {""ID"": 205261838, ""toNode"": 92813100, ""fromNode"": 185116231, ""isForward"": true}, {""ID"": 86290950, ""toNode"": 96728279, ""fromNode"": 92813100, ""isForward"": true}, {""ID"": 90067547, ""toNode"": 96733838, ""fromNode"": 96728279, ""isForward"": true}], ""speedKMH"": 9.34, ""turnType"": ""NONE"", ""pubMillis"": 1775711892258, ""_fetchedAt"": ""2026-04-09T06:31:23.281418631Z""}",8181
15437,"{""waze"": ""d9c0adaf-f79b-4138-a255-5b45d9e38afb""}","2026-04-09 08:54:38+00","2026-04-09 08:55:35.935245+00","2026-04-09 08:55:35.935245+00","2026-04-09 09:05:36.015408+00",NULL,"Troubsko","Jihlavská",NULL,"secondary",NULL,NULL,NULL,NULL,"moderate",40,"{""city"": ""Troubsko"", ""type"": ""JAM"", ""uuid"": ""d9c0adaf-f79b-4138-a255-5b45d9e38afb"", ""_type"": ""alert"", ""magvar"": 359, ""street"": ""Jihlavská"", ""_source"": ""waze"", ""country"": ""EZ"", ""subtype"": """", ""location"": {""x"": 16.501833, ""y"": 49.176886}, ""roadType"": 7, ""pubMillis"": 1775724878000, ""_fetchedAt"": ""2026-04-09T09:05:27.246066357Z"", ""confidence"": 0, ""reliability"": 5, ""reportRating"": 0, ""reportByMunicipalityUser"": ""false""}",9211
3500,"{""waze"": ""711789092"", ""waze_alert"": [""1a493021-efe0-4bd7-9e29-87f0706ba3e1""]}","2026-04-09 05:43:17.556+00","2026-04-09 05:43:21.437483+00","2026-04-09 05:43:21.437483+00","2026-04-09 06:32:23.404234+00","0102000020E6100000070000004774CFBA4697304032772D211F9648406F2EFEB627983040CF81E508199648403370404B57983040A13193A817964840344C6DA983983040F4BF5C8B16964840B20FB22C9898304019CA8976159648406495D233BD98304078D2C26515964840064CE0D6DD9830404E0B5EF415964840","Brno","Jihlavská","602","secondary",68.0,455.0,12.96,28.05328258801142,"heavy",100,"{""id"": 711789092, ""city"": ""Brno"", ""line"": [{""x"": 16.590923, ""y"": 49.172825}, {""x"": 16.594356, ""y"": 49.172639}, {""x"": 16.595082, ""y"": 49.172597}, {""x"": 16.595759, ""y"": 49.172563}, {""x"": 16.596072, ""y"": 49.17253}, {""x"": 16.596637, ""y"": 49.172528}, {""x"": 16.597135, ""y"": 49.172545}], ""uuid"": 711789092, ""_type"": ""jam"", ""delay"": 68, ""level"": 3, ""speed"": 3.6, ""length"": 455, ""street"": ""Jihlavská"", ""_source"": ""waze"", ""country"": ""EZ"", ""endNode"": ""Vídeňská"", ""roadType"": 7, ""segments"": [{""ID"": 102861528, ""toNode"": 110126301, ""fromNode"": 110867904, ""isForward"": true}, {""ID"": 101585872, ""toNode"": 151703777, ""fromNode"": 110126301, ""isForward"": true}, {""ID"": 102086038, ""toNode"": 111701035, ""fromNode"": 151703777, ""isForward"": true}, {""ID"": 104241313, ""toNode"": 303454907, ""fromNode"": 111701035, ""isForward"": true}], ""speedKMH"": 12.96, ""turnType"": ""NONE"", ""pubMillis"": 1775713397556, ""_fetchedAt"": ""2026-04-09T06:32:23.266523563Z""}",6501
2549,"{""waze"": ""710522500"", ""waze_alert"": [""848200fe-c749-4ff9-9f9c-c23ed6516d94"", ""06cfe0fe-9dd0-4287-a433-e8f042523664""]}","2026-04-09 05:30:35.466+00","2026-04-09 05:31:24.340941+00","2026-04-09 05:31:24.340941+00","2026-04-09 06:16:34.403957+00","0102000020E61000000B000000AD8905BEA28F3040965F06634496484053094FE8F58F304035EF3845479648400057B2632390304076AA7CCF489648400403081F4A9030400403081F4A964840DF1B4300709030404BAFCDC64A9648402D0ABB287A903040ECA694D74A964840A7B228ECA2903040C2DF2F664B96484055850662D9903040CE8DE9094B96484030F5F3A6229130409F3D97A94996484079EA9106B7913040DD0BCC0A45964840EBFEB1101D9230404FE78A5242964840","Brno","Jihlavská","602","secondary",444.0,707.0,5.06,43.1360932475884,"standstill",100,"{""id"": 710522500, ""city"": ""Brno"", ""line"": [{""x"": 16.561077, ""y"": 49.173962}, {""x"": 16.562346, ""y"": 49.17405}, {""x"": 16.56304, ""y"": 49.174097}, {""x"": 16.563631, ""y"": 49.174137}, {""x"": 16.564209, ""y"": 49.174157}, {""x"": 16.564364, ""y"": 49.174159}, {""x"": 16.564986, ""y"": 49.174176}, {""x"": 16.565817, ""y"": 49.174165}, {""x"": 16.566935, ""y"": 49.174123}, {""x"": 16.569199, ""y"": 49.173982}, {""x"": 16.570756, ""y"": 49.173899}], ""uuid"": 710522500, ""_type"": ""jam"", ""delay"": 444, ""level"": 4, ""speed"": 1.4055555555555554, ""length"": 707, ""street"": ""Jihlavská"", ""_source"": ""waze"", ""country"": ""EZ"", ""endNode"": """", ""roadType"": 7, ""segments"": [{""ID"": 297990221, ""toNode"": 244428537, ""fromNode"": 151015951, ""isForward"": true}, {""ID"": 297990218, ""toNode"": 218935082, ""fromNode"": 244428537, ""isForward"": true}, {""ID"": 260619539, ""toNode"": 96728320, ""fromNode"": 218935082, ""isForward"": true}, {""ID"": 205262250, ""toNode"": 185116406, ""fromNode"": 96728320, ""isForward"": false}, {""ID"": 205262260, ""toNode"": 185116407, ""fromNode"": 185116406, ""isForward"": true}, {""ID"": 205262252, ""toNode"": 185116231, ""fromNode"": 185116407, ""isForward"": true}, {""ID"": 205261838, ""toNode"": 92813100, ""fromNode"": 185116231, ""isForward"": true}, {""ID"": 86290950, ""toNode"": 96728279, ""fromNode"": 92813100, ""isForward"": true}, {""ID"": 90067547, ""toNode"": 96733838, ""fromNode"": 96728279, ""isForward"": true}], ""speedKMH"": 5.06, ""turnType"": ""NONE"", ""pubMillis"": 1775712635466, ""_fetchedAt"": ""2026-04-09T06:15:23.306463417Z""}",8207
7423,"{""waze"": ""715892990"", ""waze_alert"": [""34a407d9-37d9-43a5-b535-61af08eb7c71""]}","2026-04-09 06:15:56.483+00","2026-04-09 06:16:24.742729+00","2026-04-09 06:16:24.742729+00","2026-04-09 06:50:25.81968+00","0102000020E6100000080000000403081F4A9030400403081F4A964840DF1B4300709030404BAFCDC64A9648402D0ABB287A903040ECA694D74A964840A7B228ECA2903040C2DF2F664B96484055850662D9903040CE8DE9094B96484030F5F3A6229130409F3D97A94996484079EA9106B7913040DD0BCC0A45964840EBFEB1101D9230404FE78A5242964840","Brno","Jihlavská","602","secondary",121.0,520.0,11.2,40.56965944272446,"heavy",100,"{""id"": 715892990, ""city"": ""Brno"", ""line"": [{""x"": 16.563631, ""y"": 49.174137}, {""x"": 16.564209, ""y"": 49.174157}, {""x"": 16.564364, ""y"": 49.174159}, {""x"": 16.564986, ""y"": 49.174176}, {""x"": 16.565817, ""y"": 49.174165}, {""x"": 16.566935, ""y"": 49.174123}, {""x"": 16.569199, ""y"": 49.173982}, {""x"": 16.570756, ""y"": 49.173899}], ""uuid"": 715892990, ""_type"": ""jam"", ""delay"": 121, ""level"": 3, ""speed"": 3.111111111111111, ""length"": 520, ""street"": ""Jihlavská"", ""_source"": ""waze"", ""country"": ""EZ"", ""endNode"": """", ""roadType"": 7, ""segments"": [{""ID"": 205262250, ""toNode"": 185116406, ""fromNode"": 96728320, ""isForward"": false}, {""ID"": 205262260, ""toNode"": 185116407, ""fromNode"": 185116406, ""isForward"": true}, {""ID"": 205262252, ""toNode"": 185116231, ""fromNode"": 185116407, ""isForward"": true}, {""ID"": 205261838, ""toNode"": 92813100, ""fromNode"": 185116231, ""isForward"": true}, {""ID"": 86290950, ""toNode"": 96728279, ""fromNode"": 92813100, ""isForward"": true}, {""ID"": 90067547, ""toNode"": 96733838, ""fromNode"": 96728279, ""isForward"": true}], ""speedKMH"": 11.2, ""turnType"": ""NONE"", ""pubMillis"": 1775715356483, ""_fetchedAt"": ""2026-04-09T06:50:24.366698713Z""}",8181
7748,"{""waze"": ""716333410"", ""waze_alert"": [""87151b57-3a0b-44f7-b950-3df90fd05469""]}","2026-04-09 06:19:21.572+00","2026-04-09 06:19:25.836773+00","2026-04-09 06:19:25.836773+00","2026-04-09 06:37:26.75542+00","0102000020E6100000120000005FD4EE57018A30405D4E098849964840E7FEEA71DF8A3040810706103E964840DC48D922698B304049D9226937964840EDB776A2248C30408F006E162F9648409F3D97A9498C304060B01BB62D964840573F36C98F8C3040A2D3F36E2C96484038DBDC989E8C304001DC2C5E2C9648404C1C7920B28C3040724F57772C964840A41CCC26C08C304001DC2C5E2C9648403E22A644128D3040FAB660A92E96484013D55B035B8D3040E126A3CA30964840E415889E948D30405166834C329648409B92ACC3D18D30401BBD1AA034964840855D143DF08D304097AAB4C5359648409886E123628E304000C5C892399648401B13622EA98E3040DB8651103C96484053E9279CDD8E3040B18BA2073E9648409301A08A1B8F30402788BA0F40964840","Brno","Jihlavská",NULL,"secondary",65.0,1462.0,33.04,55.814651431505965,"light",100,"{""id"": 716333410, ""city"": ""Brno"", ""line"": [{""x"": 16.539083, ""y"": 49.174119}, {""x"": 16.542472, ""y"": 49.173769}, {""x"": 16.544573, ""y"": 49.173566}, {""x"": 16.547434, ""y"": 49.173312}, {""x"": 16.547999, ""y"": 49.17327}, {""x"": 16.549069, ""y"": 49.173231}, {""x"": 16.549295, ""y"": 49.173229}, {""x"": 16.549593, ""y"": 49.173232}, {""x"": 16.549807, ""y"": 49.173229}, {""x"": 16.55106, ""y"": 49.173299}, {""x"": 16.55217, ""y"": 49.173364}, {""x"": 16.553049, ""y"": 49.17341}, {""x"": 16.553982, ""y"": 49.173481}, {""x"": 16.554447, ""y"": 49.173516}, {""x"": 16.556185, ""y"": 49.173632}, {""x"": 16.557269, ""y"": 49.173708}, {""x"": 16.558069, ""y"": 49.173768}, {""x"": 16.559014, ""y"": 49.17383}], ""uuid"": 716333410, ""_type"": ""jam"", ""delay"": 65, ""level"": 1, ""speed"": 9.177777777777777, ""length"": 1462, ""street"": ""Jihlavská"", ""_source"": ""waze"", ""country"": ""EZ"", ""endNode"": ""» Bohunice"", ""roadType"": 7, ""segments"": [{""ID"": 417664703, ""toNode"": 210855475, ""fromNode"": 321402728, ""isForward"": false}, {""ID"": 253574101, ""toNode"": 214348282, ""fromNode"": 210855475, ""isForward"": true}, {""ID"": 253574265, ""toNode"": 214348364, ""fromNode"": 214348282, ""isForward"": true}, {""ID"": 253574267, ""toNode"": 210855495, ""fromNode"": 214348364, ""isForward"": true}, {""ID"": 247976341, ""toNode"": 173753642, ""fromNode"": 210855495, ""isForward"": true}, {""ID"": 285680847, ""toNode"": 235708176, ""fromNode"": 173753642, ""isForward"": false}, {""ID"": 285680846, ""toNode"": 207223754, ""fromNode"": 235708176, ""isForward"": false}, {""ID"": 305365576, ""toNode"": 249178994, ""fromNode"": 207223754, ""isForward"": false}, {""ID"": 305365575, ""toNode"": 148564790, ""fromNode"": 249178994, ""isForward"": false}, {""ID"": 285680855, ""toNode"": 235708181, ""fromNode"": 148564790, ""isForward"": true}, {""ID"": 285680856, ""toNode"": 154091533, ""fromNode"": 235708181, ""isForward"": true}, {""ID"": 285680849, ""toNode"": 235708177, ""fromNode"": 154091533, ""isForward"": true}, {""ID"": 141023934, ""toNode"": 151015806, ""fromNode"": 235708177, ""isForward"": false}, {""ID"": 84016602, ""toNode"": 91330822, ""fromNode"": 151015806, ""isForward"": false}, {""ID"": 84216256, ""toNode"": 91418120, ""fromNode"": 91330822, ""isForward"": false}], ""speedKMH"": 33.04, ""turnType"": ""NONE"", ""pubMillis"": 1775715561572, ""_fetchedAt"": ""2026-04-09T06:37:24.420919298Z""}",8587
11966,"{""waze"": ""723302612""}","2026-04-09 07:09:27.281+00","2026-04-09 07:10:27.553806+00","2026-04-09 07:10:27.553806+00","2026-04-09 07:14:27.650998+00","0102000020E61000000B000000B77BB94F8E9230402D793C2D3F9648407BF7C77BD5923040996379573D96484029780AB952933040068200193A9648402CBCCB457C9330402A8C2D04399648408BFED0CC9393304084D72E6D389648404DF564FED1933040022D5DC136964840297B4B395F943040698EACFC329648401DAF40F4A4943040E7E3DA50319648409A0AF148BC943040A03715A930964840A94D9CDCEF943040416326512F96484066A4DE53399530407EC9C6832D964840","Brno","Jihlavská","602","secondary",86.0,763.0,16.79,35.39810263573984,"moderate",80,"{""id"": 723302612, ""city"": ""Brno"", ""line"": [{""x"": 16.572484, ""y"": 49.173803}, {""x"": 16.57357, ""y"": 49.173747}, {""x"": 16.575481, ""y"": 49.173648}, {""x"": 16.576115, ""y"": 49.173615}, {""x"": 16.576474, ""y"": 49.173597}, {""x"": 16.577423, ""y"": 49.173546}, {""x"": 16.579578, ""y"": 49.173431}, {""x"": 16.580642, ""y"": 49.17338}, {""x"": 16.580998, ""y"": 49.17336}, {""x"": 16.581785, ""y"": 49.173319}, {""x"": 16.582906, ""y"": 49.173264}], ""uuid"": 723302612, ""_type"": ""jam"", ""delay"": 86, ""level"": 2, ""speed"": 4.663888888888889, ""length"": 763, ""street"": ""Jihlavská"", ""_source"": ""waze"", ""country"": ""EZ"", ""endNode"": ""Dlouhá"", ""roadType"": 7, ""segments"": [{""ID"": 149544235, ""toNode"": 155335300, ""fromNode"": 96733829, ""isForward"": true}, {""ID"": 149544241, ""toNode"": 155335302, ""fromNode"": 155335300, ""isForward"": true}, {""ID"": 290154834, ""toNode"": 239428791, ""fromNode"": 155335302, ""isForward"": true}, {""ID"": 290154835, ""toNode"": 96733981, ""fromNode"": 239428791, ""isForward"": true}, {""ID"": 90076579, ""toNode"": 151699792, ""fromNode"": 96733981, ""isForward"": true}, {""ID"": 142027990, ""toNode"": 151699793, ""fromNode"": 151699792, ""isForward"": true}, {""ID"": 145060923, ""toNode"": 153329659, ""fromNode"": 151699793, ""isForward"": false}, {""ID"": 145611346, ""toNode"": 151659324, ""fromNode"": 153329659, ""isForward"": false}], ""speedKMH"": 16.79, ""turnType"": ""NONE"", ""pubMillis"": 1775718567281, ""_fetchedAt"": ""2026-04-09T07:14:25.451132791Z""}",8107
11216,"{""waze"": ""722109542""}","2026-04-09 06:59:18.593+00","2026-04-09 06:59:29.757034+00","2026-04-09 06:59:29.757034+00","2026-04-09 07:14:29.643675+00","0102000020E61000000F0000003CC093162E7F3040A8FC6B79E59648403694DA8B687F3040639B5434D6964840A3772AE09E7F3040F92F1004C89648408FAA2688BA7F3040CDAFE600C19648404298DBBDDC7F3040494C50C3B7964840AEBCE47FF27F304033C005D9B29648403C32569BFF7F3040C4B46FEEAF9648403A048E041A8030403DB5FAEAAA96484040FB9122328030405D363AE7A796484048C2BE9D44803040C9207711A6964840268E3C1059803040CA54C1A8A4964840342F87DD77803040C4978922A4964840348639419B803040B22C98F8A3964840B62FA017EE8030408F56B5A4A3964840DBC4C9FD0E81304012691B7FA2964840","Troubsko","Jihlavská","602","secondary",82.0,605.0,16.96,46.919621989635196,"heavy",80,"{""id"": 722109542, ""city"": ""Troubsko"", ""line"": [{""x"": 16.496797, ""y"": 49.178878}, {""x"": 16.497689, ""y"": 49.178412}, {""x"": 16.498518, ""y"": 49.177979}, {""x"": 16.49894, ""y"": 49.177765}, {""x"": 16.499462, ""y"": 49.177483}, {""x"": 16.499794, ""y"": 49.177333}, {""x"": 16.499994, ""y"": 49.177244}, {""x"": 16.500397, ""y"": 49.177091}, {""x"": 16.500765, ""y"": 49.176999}, {""x"": 16.501047, ""y"": 49.176943}, {""x"": 16.501359, ""y"": 49.1769}, {""x"": 16.501829, ""y"": 49.176884}, {""x"": 16.502369, ""y"": 49.176879}, {""x"": 16.503633, ""y"": 49.176869}, {""x"": 16.504135, ""y"": 49.176834}], ""uuid"": 722109542, ""_type"": ""jam"", ""delay"": 82, ""level"": 3, ""speed"": 4.711111111111111, ""length"": 605, ""street"": ""Jihlavská"", ""_source"": ""waze"", ""country"": ""EZ"", ""endNode"": """", ""roadType"": 7, ""segments"": [{""ID"": 383757443, ""toNode"": 299163393, ""fromNode"": 110586900, ""isForward"": true}, {""ID"": 383757444, ""toNode"": 171575301, ""fromNode"": 299163393, ""isForward"": true}, {""ID"": 283291774, ""toNode"": 234238961, ""fromNode"": 171575301, ""isForward"": true}, {""ID"": 416526087, ""toNode"": 320668507, ""fromNode"": 234238961, ""isForward"": true}, {""ID"": 416526088, ""toNode"": 308678634, ""fromNode"": 320668507, ""isForward"": true}, {""ID"": 398283697, ""toNode"": 299163870, ""fromNode"": 308678634, ""isForward"": true}, {""ID"": 383758170, ""toNode"": 252793393, ""fromNode"": 299163870, ""isForward"": true}, {""ID"": 383758050, ""toNode"": 299163789, ""fromNode"": 252793393, ""isForward"": true}, {""ID"": 383758051, ""toNode"": 297644935, ""fromNode"": 299163789, ""isForward"": true}, {""ID"": 381462790, ""toNode"": 285880535, ""fromNode"": 297644935, ""isForward"": true}, {""ID"": 363254740, ""toNode"": 232577668, ""fromNode"": 285880535, ""isForward"": true}], ""speedKMH"": 16.96, ""turnType"": ""NONE"", ""pubMillis"": 1775717958593, ""_fetchedAt"": ""2026-04-09T07:14:25.451132791Z""}",9210
17158,"{""waze"": ""737132524""}","2026-04-09 09:50:56.869+00","2026-04-09 09:51:32.698626+00","2026-04-09 09:51:32.698626+00","2026-04-09 10:05:34.593576+00","0102000020E610000003000000AA2A3410CB96304006483481229648405B28999CDA9530402D0B26FE28964840E7ABE46377953040EAB303AE2B964840","Brno","Jihlavská","602","secondary",89.0,379.0,10.1,29.6035230934479,"heavy",80,"{""id"": 737132524, ""city"": ""Brno"", ""line"": [{""x"": 16.589036, ""y"": 49.172928}, {""x"": 16.585367, ""y"": 49.173126}, {""x"": 16.583853, ""y"": 49.173208}], ""uuid"": 737132524, ""_type"": ""jam"", ""delay"": 89, ""level"": 3, ""speed"": 2.8055555555555554, ""length"": 379, ""street"": ""Jihlavská"", ""_source"": ""waze"", ""country"": ""EZ"", ""endNode"": ""Dlouhá"", ""roadType"": 7, ""segments"": [{""ID"": 309974246, ""toNode"": 251306715, ""fromNode"": 252029889, ""isForward"": false}, {""ID"": 308655556, ""toNode"": 52246925, ""fromNode"": 251306715, ""isForward"": false}], ""speedKMH"": 10.1, ""turnType"": ""NONE"", ""pubMillis"": 1775728256869, ""_fetchedAt"": ""2026-04-09T10:05:32.296007044Z""}",7935
12287,"{""waze"": ""724152324""}","2026-04-09 07:16:03.326+00","2026-04-09 07:16:27.024814+00","2026-04-09 07:16:27.024814+00","2026-04-09 07:31:27.181288+00","0102000020E6100000090000008BFED0CC9393304084D72E6D389648404DF564FED1933040022D5DC136964840297B4B395F943040698EACFC329648401DAF40F4A4943040E7E3DA50319648409A0AF148BC943040A03715A930964840A94D9CDCEF943040416326512F96484066A4DE53399530407EC9C6832D96484066A4DE5339953040AD4D637B2D964840E7ABE46377953040EAB303AE2B964840","Brno","Jihlavská","602","secondary",99.0,540.0,12.07,31.324282109816178,"heavy",80,"{""id"": 724152324, ""city"": ""Brno"", ""line"": [{""x"": 16.576474, ""y"": 49.173597}, {""x"": 16.577423, ""y"": 49.173546}, {""x"": 16.579578, ""y"": 49.173431}, {""x"": 16.580642, ""y"": 49.17338}, {""x"": 16.580998, ""y"": 49.17336}, {""x"": 16.581785, ""y"": 49.173319}, {""x"": 16.582906, ""y"": 49.173264}, {""x"": 16.582906, ""y"": 49.173263}, {""x"": 16.583853, ""y"": 49.173208}], ""uuid"": 724152324, ""_type"": ""jam"", ""delay"": 99, ""level"": 3, ""speed"": 3.352777777777778, ""length"": 540, ""street"": ""Jihlavská"", ""_source"": ""waze"", ""country"": ""EZ"", ""endNode"": ""Dlouhá"", ""roadType"": 7, ""segments"": [{""ID"": 290154835, ""toNode"": 96733981, ""fromNode"": 239428791, ""isForward"": true}, {""ID"": 90076579, ""toNode"": 151699792, ""fromNode"": 96733981, ""isForward"": true}, {""ID"": 142027990, ""toNode"": 151699793, ""fromNode"": 151699792, ""isForward"": true}, {""ID"": 145060923, ""toNode"": 153329659, ""fromNode"": 151699793, ""isForward"": false}, {""ID"": 145611346, ""toNode"": 151659324, ""fromNode"": 153329659, ""isForward"": false}, {""ID"": 101584788, ""toNode"": 52246925, ""fromNode"": 151659324, ""isForward"": true}], ""speedKMH"": 12.07, ""turnType"": ""NONE"", ""pubMillis"": 1775718963326, ""_fetchedAt"": ""2026-04-09T07:31:25.256972454Z""}",7964
10902,"{""waze"": ""d90c3133-8fef-4f07-91c5-5f9d314894a1""}","2026-04-09 06:54:30+00","2026-04-09 06:55:33.434465+00","2026-04-09 06:55:33.434465+00","2026-04-09 06:58:34.341163+00",NULL,"Brno","Jihlavská","602","secondary",NULL,NULL,NULL,NULL,"moderate",40,"{""city"": ""Brno"", ""type"": ""JAM"", ""uuid"": ""d90c3133-8fef-4f07-91c5-5f9d314894a1"", ""_type"": ""alert"", ""magvar"": 88, ""street"": ""Jihlavská"", ""_source"": ""waze"", ""country"": ""EZ"", ""subtype"": """", ""location"": {""x"": 16.549807, ""y"": 49.173236}, ""roadType"": 7, ""pubMillis"": 1775717670000, ""_fetchedAt"": ""2026-04-09T06:58:25.453938580Z"", ""confidence"": 0, ""reliability"": 5, ""reportRating"": 1, ""reportByMunicipalityUser"": ""false""}",8539
11208,"{""waze"": ""722050476"", ""waze_alert"": [""d90c3133-8fef-4f07-91c5-5f9d314894a1"", ""33cbc3be-a5e0-4536-930d-9aac697e984f"", ""aba4a56d-479d-4d3a-a799-fcb3cb67fbe4""]}","2026-04-09 06:59:22.043+00","2026-04-09 06:59:29.382303+00","2026-04-09 06:59:29.382303+00","2026-04-09 07:12:35.57195+00","0102000020E61000000F000000DC48D922698B304049D9226937964840EDB776A2248C30408F006E162F9648409F3D97A9498C304060B01BB62D964840573F36C98F8C3040A2D3F36E2C96484038DBDC989E8C304001DC2C5E2C9648404C1C7920B28C3040724F57772C964840A41CCC26C08C304001DC2C5E2C9648403E22A644128D3040FAB660A92E96484013D55B035B8D3040E126A3CA30964840E415889E948D30405166834C329648409B92ACC3D18D30401BBD1AA034964840855D143DF08D304097AAB4C5359648409886E123628E304000C5C892399648401B13622EA98E3040DB8651103C96484053E9279CDD8E3040B18BA2073E964840","Brno","Jihlavská","602","secondary",56.0,988.0,29.48,55.015144392209535,"moderate",100,"{""jam"": {""id"": 722050476, ""city"": ""Brno"", ""line"": [{""x"": 16.544573, ""y"": 49.173566}, {""x"": 16.547434, ""y"": 49.173312}, {""x"": 16.547999, ""y"": 49.17327}, {""x"": 16.549069, ""y"": 49.173231}, {""x"": 16.549295, ""y"": 49.173229}, {""x"": 16.549593, ""y"": 49.173232}, {""x"": 16.549807, ""y"": 49.173229}, {""x"": 16.55106, ""y"": 49.173299}, {""x"": 16.55217, ""y"": 49.173364}, {""x"": 16.553049, ""y"": 49.17341}, {""x"": 16.553982, ""y"": 49.173481}, {""x"": 16.554447, ""y"": 49.173516}, {""x"": 16.556185, ""y"": 49.173632}, {""x"": 16.557269, ""y"": 49.173708}, {""x"": 16.558069, ""y"": 49.173768}], ""uuid"": 722050476, ""_type"": ""jam"", ""delay"": 56, ""level"": 2, ""speed"": 8.188888888888888, ""length"": 988, ""street"": ""Jihlavská"", ""_source"": ""waze"", ""country"": ""EZ"", ""endNode"": ""» Ostrava / Bratislava (SK) / Wien (A) / Praha"", ""roadType"": 7, ""segments"": [{""ID"": 253574265, ""toNode"": 214348364, ""fromNode"": 214348282, ""isForward"": true}, {""ID"": 253574267, ""toNode"": 210855495, ""fromNode"": 214348364, ""isForward"": true}, {""ID"": 247976341, ""toNode"": 173753642, ""fromNode"": 210855495, ""isForward"": true}, {""ID"": 285680847, ""toNode"": 235708176, ""fromNode"": 173753642, ""isForward"": false}, {""ID"": 285680846, ""toNode"": 207223754, ""fromNode"": 235708176, ""isForward"": false}, {""ID"": 305365576, ""toNode"": 249178994, ""fromNode"": 207223754, ""isForward"": false}, {""ID"": 305365575, ""toNode"": 148564790, ""fromNode"": 249178994, ""isForward"": false}, {""ID"": 285680855, ""toNode"": 235708181, ""fromNode"": 148564790, ""isForward"": true}, {""ID"": 285680856, ""toNode"": 154091533, ""fromNode"": 235708181, ""isForward"": true}, {""ID"": 285680849, ""toNode"": 235708177, ""fromNode"": 154091533, ""isForward"": true}, {""ID"": 141023934, ""toNode"": 151015806, ""fromNode"": 235708177, ""isForward"": false}, {""ID"": 84016602, ""toNode"": 91330822, ""fromNode"": 151015806, ""isForward"": false}], ""speedKMH"": 29.48, ""turnType"": ""NONE"", ""pubMillis"": 1775717962043, ""_fetchedAt"": ""2026-04-09T07:09:25.251589946Z""}, ""alerts"": [{""type"": ""JAM"", ""uuid"": ""33cbc3be-a5e0-4536-930d-9aac697e984f"", ""_type"": ""alert"", ""magvar"": 242, ""street"": ""» Olomouc / Bratislava (SK)"", ""_source"": ""waze"", ""country"": ""EZ"", ""subtype"": """", ""location"": {""x"": 16.545798, ""y"": 49.167617}, ""roadType"": 4, ""pubMillis"": 1775718642000, ""_fetchedAt"": ""2026-04-09T07:11:25.283112789Z"", ""confidence"": 0, ""reliability"": 5, ""reportRating"": 1, ""reportByMunicipalityUser"": ""false""}, {""type"": ""JAM"", ""uuid"": ""aba4a56d-479d-4d3a-a799-fcb3cb67fbe4"", ""_type"": ""alert"", ""magvar"": 241, ""street"": ""23"", ""_source"": ""waze"", ""country"": ""EZ"", ""subtype"": """", ""location"": {""x"": 16.54739, ""y"": 49.168167}, ""roadType"": 3, ""pubMillis"": 1775718665000, ""_fetchedAt"": ""2026-04-09T07:11:25.283112789Z"", ""confidence"": 0, ""reliability"": 5, ""reportRating"": 0, ""reportByMunicipalityUser"": ""false""}]}",8580
10693,"{""waze"": ""721193730"", ""waze_alert"": [""3d49eeeb-9005-4d59-94f2-bc0c4abefc9c""]}","2026-04-09 06:52:47.38+00","2026-04-09 06:53:25.457269+00","2026-04-09 06:53:25.457269+00","2026-04-09 07:24:34.081296+00","0102000020E61000000A0000004774CFBA4697304032772D211F9648406F2EFEB627983040CF81E508199648403370404B57983040A13193A817964840344C6DA983983040F4BF5C8B16964840B20FB22C9898304019CA8976159648406495D233BD98304078D2C26515964840064CE0D6DD9830404E0B5EF4159648405C566133C09930409FC9FE791A9648405B0BB3D0CE9930405EDA70581A96484040DF162CD5993040E7A90EB919964840","Brno","Jihlavská","602","secondary",64.0,731.0,18.0,32.01459854014599,"heavy",100,"{""jam"": {""id"": 721193730, ""city"": ""Brno"", ""line"": [{""x"": 16.590923, ""y"": 49.172825}, {""x"": 16.594356, ""y"": 49.172639}, {""x"": 16.595082, ""y"": 49.172597}, {""x"": 16.595759, ""y"": 49.172563}, {""x"": 16.596072, ""y"": 49.17253}, {""x"": 16.596637, ""y"": 49.172528}, {""x"": 16.597135, ""y"": 49.172545}, {""x"": 16.600589, ""y"": 49.172683}, {""x"": 16.600812, ""y"": 49.172679}, {""x"": 16.600909, ""y"": 49.17266}], ""uuid"": 721193730, ""_type"": ""jam"", ""delay"": 64, ""level"": 3, ""speed"": 5, ""length"": 731, ""street"": ""Jihlavská"", ""_source"": ""waze"", ""country"": ""EZ"", ""endNode"": """", ""roadType"": 7, ""segments"": [{""ID"": 102861528, ""toNode"": 110126301, ""fromNode"": 110867904, ""isForward"": true}, {""ID"": 101585872, ""toNode"": 151703777, ""fromNode"": 110126301, ""isForward"": true}, {""ID"": 102086038, ""toNode"": 111701035, ""fromNode"": 151703777, ""isForward"": true}, {""ID"": 104241313, ""toNode"": 303454907, ""fromNode"": 111701035, ""isForward"": true}, {""ID"": 441177645, ""toNode"": 153329700, ""fromNode"": 303454907, ""isForward"": true}], ""speedKMH"": 18, ""turnType"": ""NONE"", ""pubMillis"": 1775717567380, ""_fetchedAt"": ""2026-04-09T06:57:24.296475775Z""}, ""alerts"": [{""city"": ""Brno"", ""type"": ""HAZARD"", ""uuid"": ""3d49eeeb-9005-4d59-94f2-bc0c4abefc9c"", ""_type"": ""alert"", ""magvar"": 167, ""street"": ""Vídeňská"", ""_source"": ""waze"", ""country"": ""EZ"", ""subtype"": ""HAZARD_ON_SHOULDER_CAR_STOPPED"", ""location"": {""x"": 16.59804, ""y"": 49.169745}, ""roadType"": 7, ""pubMillis"": 1775719109000, ""_fetchedAt"": ""2026-04-09T07:19:25.266285571Z"", ""confidence"": 0, ""reliability"": 6, ""reportRating"": 2, ""reportByMunicipalityUser"": ""false""}]}",6516
14466,"{""waze"": ""729916364"", ""waze_alert"": [""7db437f5-7642-41f1-b271-847e2a9eefcd"", ""d2054376-4641-46cb-93d6-8b01b4226245""]}","2026-04-09 08:23:40.303+00","2026-04-09 08:24:26.343092+00","2026-04-09 08:24:26.343092+00","2026-04-09 12:00:45.318649+00","0102000020E610000003000000AA2A3410CB96304006483481229648405B28999CDA9530402D0B26FE28964840E7ABE46377953040EAB303AE2B964840","Brno","Jihlavská","602","secondary",89.0,379.0,10.13,29.86274009895643,"heavy",100,"{""id"": 729916364, ""city"": ""Brno"", ""line"": [{""x"": 16.589036, ""y"": 49.172928}, {""x"": 16.585367, ""y"": 49.173126}, {""x"": 16.583853, ""y"": 49.173208}], ""uuid"": 729916364, ""_type"": ""jam"", ""delay"": 89, ""level"": 3, ""speed"": 2.813888888888889, ""length"": 379, ""street"": ""Jihlavská"", ""_source"": ""waze"", ""country"": ""EZ"", ""endNode"": ""Dlouhá"", ""roadType"": 7, ""segments"": [{""ID"": 309974246, ""toNode"": 251306715, ""fromNode"": 252029889, ""isForward"": false}, {""ID"": 308655556, ""toNode"": 52246925, ""fromNode"": 251306715, ""isForward"": false}], ""speedKMH"": 10.13, ""turnType"": ""NONE"", ""pubMillis"": 1775723020303, ""_fetchedAt"": ""2026-04-09T08:32:26.239864420Z""}",7935
15980,"{""waze"": ""732015628""}","2026-04-09 08:54:12.435+00","2026-04-09 09:14:32.505822+00","2026-04-09 09:14:32.505822+00","2026-04-09 09:49:34.457+00","0102000020E6100000080000000403081F4A9030400403081F4A964840DF1B4300709030404BAFCDC64A9648402D0ABB287A903040ECA694D74A964840A7B228ECA2903040C2DF2F664B96484055850662D9903040CE8DE9094B96484030F5F3A6229130409F3D97A94996484079EA9106B7913040DD0BCC0A45964840EBFEB1101D9230404FE78A5242964840","Brno","Jihlavská","602","secondary",149.0,520.0,9.58,40.33865670970354,"heavy",80,"{""id"": 732015628, ""city"": ""Brno"", ""line"": [{""x"": 16.563631, ""y"": 49.174137}, {""x"": 16.564209, ""y"": 49.174157}, {""x"": 16.564364, ""y"": 49.174159}, {""x"": 16.564986, ""y"": 49.174176}, {""x"": 16.565817, ""y"": 49.174165}, {""x"": 16.566935, ""y"": 49.174123}, {""x"": 16.569199, ""y"": 49.173982}, {""x"": 16.570756, ""y"": 49.173899}], ""uuid"": 732015628, ""_type"": ""jam"", ""delay"": 149, ""level"": 3, ""speed"": 2.661111111111111, ""length"": 520, ""street"": ""Jihlavská"", ""_source"": ""waze"", ""country"": ""EZ"", ""endNode"": """", ""roadType"": 7, ""segments"": [{""ID"": 205262250, ""toNode"": 185116406, ""fromNode"": 96728320, ""isForward"": false}, {""ID"": 205262260, ""toNode"": 185116407, ""fromNode"": 185116406, ""isForward"": true}, {""ID"": 205262252, ""toNode"": 185116231, ""fromNode"": 185116407, ""isForward"": true}, {""ID"": 205261838, ""toNode"": 92813100, ""fromNode"": 185116231, ""isForward"": true}, {""ID"": 86290950, ""toNode"": 96728279, ""fromNode"": 92813100, ""isForward"": true}, {""ID"": 90067547, ""toNode"": 96733838, ""fromNode"": 96728279, ""isForward"": true}], ""speedKMH"": 9.58, ""turnType"": ""NONE"", ""pubMillis"": 1775724852435, ""_fetchedAt"": ""2026-04-09T09:49:30.243416491Z""}",8181
28439,"{""waze"": ""ac27d49f-1be4-4169-8f36-99bcfaa6f4ef""}","2026-04-09 13:52:19+00","2026-04-09 13:52:54.69838+00","2026-04-09 13:52:54.69838+00","2026-04-09 14:09:55.878222+00",NULL,"Brno","Jihlavská","602","secondary",NULL,NULL,NULL,NULL,"heavy",40,"{""city"": ""Brno"", ""type"": ""JAM"", ""uuid"": ""ac27d49f-1be4-4169-8f36-99bcfaa6f4ef"", ""_type"": ""alert"", ""magvar"": 83, ""street"": ""Jihlavská"", ""_source"": ""waze"", ""country"": ""EZ"", ""subtype"": ""JAM_HEAVY_TRAFFIC"", ""location"": {""x"": 16.553681, ""y"": 49.173458}, ""roadType"": 7, ""pubMillis"": 1775742739000, ""_fetchedAt"": ""2026-04-09T14:09:46.265271726Z"", ""confidence"": 0, ""reliability"": 5, ""reportRating"": 5, ""reportByMunicipalityUser"": ""false""}",8573
21913,"{""waze"": ""cd190c9e-254f-4440-9e68-6a92d534cef1""}","2026-04-09 12:29:13+00","2026-04-09 12:29:47.5658+00","2026-04-09 12:29:47.5658+00","2026-04-09 12:31:47.260703+00",NULL,"Brno","Jihlavská","602","secondary",NULL,NULL,NULL,NULL,"heavy",40,"{""city"": ""Brno"", ""type"": ""JAM"", ""uuid"": ""cd190c9e-254f-4440-9e68-6a92d534cef1"", ""_type"": ""alert"", ""magvar"": 95, ""street"": ""Jihlavská"", ""_source"": ""waze"", ""country"": ""EZ"", ""subtype"": ""JAM_HEAVY_TRAFFIC"", ""location"": {""x"": 16.568074, ""y"": 49.174052}, ""roadType"": 7, ""pubMillis"": 1775737753000, ""_fetchedAt"": ""2026-04-09T12:31:38.250049788Z"", ""confidence"": 0, ""reliability"": 5, ""reportRating"": 2, ""reportByMunicipalityUser"": ""false""}",8182
21964,"{""waze"": ""25867010-8258-4c8a-a1e4-13d48601ffdc""}","2026-04-09 12:30:37+00","2026-04-09 12:30:47.401548+00","2026-04-09 12:30:47.401548+00","2026-04-09 12:31:47.317467+00",NULL,"Brno","Jihlavská","602","secondary",NULL,NULL,NULL,NULL,"heavy",40,"{""city"": ""Brno"", ""type"": ""JAM"", ""uuid"": ""25867010-8258-4c8a-a1e4-13d48601ffdc"", ""_type"": ""alert"", ""magvar"": 94, ""street"": ""Jihlavská"", ""_source"": ""waze"", ""country"": ""EZ"", ""subtype"": ""JAM_HEAVY_TRAFFIC"", ""location"": {""x"": 16.570046, ""y"": 49.173937}, ""roadType"": 7, ""pubMillis"": 1775737837000, ""_fetchedAt"": ""2026-04-09T12:31:38.250049788Z"", ""confidence"": 0, ""reliability"": 5, ""reportRating"": 2, ""reportByMunicipalityUser"": ""false""}",8131
18239,"{""waze"": ""742652514"", ""waze_alert"": [""5948f7a7-a48a-41fc-8c0a-564f8a4e611d""]}","2026-04-09 10:30:25.072+00","2026-04-09 10:30:36.706098+00","2026-04-09 10:30:36.706098+00","2026-04-09 10:55:42.890367+00","0102000020E6100000070000004774CFBA4697304032772D211F9648406F2EFEB627983040CF81E508199648403370404B57983040A13193A817964840344C6DA983983040F4BF5C8B16964840B20FB22C9898304019CA8976159648406495D233BD98304078D2C26515964840064CE0D6DD9830404E0B5EF415964840","Brno","Jihlavská","602","secondary",64.0,455.0,13.31,27.731988399308033,"heavy",100,"{""id"": 742652514, ""city"": ""Brno"", ""line"": [{""x"": 16.590923, ""y"": 49.172825}, {""x"": 16.594356, ""y"": 49.172639}, {""x"": 16.595082, ""y"": 49.172597}, {""x"": 16.595759, ""y"": 49.172563}, {""x"": 16.596072, ""y"": 49.17253}, {""x"": 16.596637, ""y"": 49.172528}, {""x"": 16.597135, ""y"": 49.172545}], ""uuid"": 742652514, ""_type"": ""jam"", ""delay"": 64, ""level"": 3, ""speed"": 3.6972222222222224, ""length"": 455, ""street"": ""Jihlavská"", ""_source"": ""waze"", ""country"": ""EZ"", ""endNode"": ""Vídeňská"", ""roadType"": 7, ""segments"": [{""ID"": 102861528, ""toNode"": 110126301, ""fromNode"": 110867904, ""isForward"": true}, {""ID"": 101585872, ""toNode"": 151703777, ""fromNode"": 110126301, ""isForward"": true}, {""ID"": 102086038, ""toNode"": 111701035, ""fromNode"": 151703777, ""isForward"": true}, {""ID"": 104241313, ""toNode"": 303454907, ""fromNode"": 111701035, ""isForward"": true}], ""speedKMH"": 13.31, ""turnType"": ""NONE"", ""pubMillis"": 1775730625072, ""_fetchedAt"": ""2026-04-09T10:52:34.251531034Z""}",6501
19840,"{""waze"": ""57e779df-4f1a-4770-bd46-c30b012ef2e1""}","2026-04-09 11:31:27+00","2026-04-09 11:31:45.044491+00","2026-04-09 11:31:45.044491+00","2026-04-09 11:40:45.252051+00",NULL,"Troubsko","Jihlavská","602","secondary",NULL,NULL,NULL,NULL,"heavy",40,"{""city"": ""Troubsko"", ""type"": ""JAM"", ""uuid"": ""57e779df-4f1a-4770-bd46-c30b012ef2e1"", ""_type"": ""alert"", ""magvar"": 129, ""street"": ""Jihlavská"", ""_source"": ""waze"", ""country"": ""EZ"", ""subtype"": ""JAM_HEAVY_TRAFFIC"", ""location"": {""x"": 16.499209, ""y"": 49.177621}, ""roadType"": 7, ""pubMillis"": 1775734287000, ""_fetchedAt"": ""2026-04-09T11:40:36.372995379Z"", ""confidence"": 0, ""reliability"": 5, ""reportRating"": 4, ""reportByMunicipalityUser"": ""false""}",3446
22518,"{""waze"": ""767735294"", ""waze_alert"": [""c8b83ddd-4a0e-4c7c-a906-004d2b5b54ca""]}","2026-04-09 12:41:48.973+00","2026-04-09 12:42:37.386886+00","2026-04-09 12:42:37.386886+00","2026-04-09 13:00:50.177389+00","0102000020E61000000B00000029780AB952933040068200193A9648402CBCCB457C9330402A8C2D04399648408BFED0CC9393304084D72E6D389648404DF564FED1933040022D5DC136964840297B4B395F943040698EACFC329648401DAF40F4A4943040E7E3DA50319648409A0AF148BC943040A03715A930964840A94D9CDCEF943040416326512F96484066A4DE53399530407EC9C6832D96484066A4DE5339953040AD4D637B2D964840E7ABE46377953040EAB303AE2B964840","Brno","Jihlavská","602","secondary",73.0,613.0,15.57,32.10633252039357,"moderate",100,"{""jam"": {""id"": 767735294, ""city"": ""Brno"", ""line"": [{""x"": 16.575481, ""y"": 49.173648}, {""x"": 16.576115, ""y"": 49.173615}, {""x"": 16.576474, ""y"": 49.173597}, {""x"": 16.577423, ""y"": 49.173546}, {""x"": 16.579578, ""y"": 49.173431}, {""x"": 16.580642, ""y"": 49.17338}, {""x"": 16.580998, ""y"": 49.17336}, {""x"": 16.581785, ""y"": 49.173319}, {""x"": 16.582906, ""y"": 49.173264}, {""x"": 16.582906, ""y"": 49.173263}, {""x"": 16.583853, ""y"": 49.173208}], ""uuid"": 767735294, ""_type"": ""jam"", ""delay"": 73, ""level"": 2, ""speed"": 4.325, ""length"": 613, ""street"": ""Jihlavská"", ""_source"": ""waze"", ""country"": ""EZ"", ""endNode"": ""Dlouhá"", ""roadType"": 7, ""segments"": [{""ID"": 290154834, ""toNode"": 239428791, ""fromNode"": 155335302, ""isForward"": true}, {""ID"": 290154835, ""toNode"": 96733981, ""fromNode"": 239428791, ""isForward"": true}, {""ID"": 90076579, ""toNode"": 151699792, ""fromNode"": 96733981, ""isForward"": true}, {""ID"": 142027990, ""toNode"": 151699793, ""fromNode"": 151699792, ""isForward"": true}, {""ID"": 145060923, ""toNode"": 153329659, ""fromNode"": 151699793, ""isForward"": false}, {""ID"": 145611346, ""toNode"": 151659324, ""fromNode"": 153329659, ""isForward"": false}, {""ID"": 101584788, ""toNode"": 52246925, ""fromNode"": 151659324, ""isForward"": true}], ""speedKMH"": 15.57, ""turnType"": ""NONE"", ""pubMillis"": 1775738508973, ""_fetchedAt"": ""2026-04-09T12:52:39.241687193Z""}, ""alerts"": [{""city"": ""Brno"", ""type"": ""JAM"", ""uuid"": ""c8b83ddd-4a0e-4c7c-a906-004d2b5b54ca"", ""_type"": ""alert"", ""magvar"": 94, ""street"": ""Jihlavská"", ""_source"": ""waze"", ""country"": ""EZ"", ""subtype"": ""JAM_STAND_STILL_TRAFFIC"", ""location"": {""x"": 16.580207, ""y"": 49.173402}, ""roadType"": 7, ""pubMillis"": 1775739253000, ""_fetchedAt"": ""2026-04-09T12:54:40.286092547Z"", ""confidence"": 0, ""reliability"": 5, ""reportRating"": 0, ""reportByMunicipalityUser"": ""false""}]}",7966
40182,"{""waze"": ""dd8ad054-292f-48e2-9dbb-0b4f3fcf55de""}","2026-04-10 04:43:40+00","2026-04-10 04:44:27.448984+00","2026-04-10 04:44:27.448984+00","2026-04-10 04:44:27.448984+00",NULL,"Brno","Jihlavská","602","secondary",NULL,NULL,NULL,NULL,"heavy",40,"{""city"": ""Brno"", ""type"": ""JAM"", ""uuid"": ""dd8ad054-292f-48e2-9dbb-0b4f3fcf55de"", ""_type"": ""alert"", ""magvar"": 99, ""street"": ""Jihlavská"", ""_source"": ""waze"", ""country"": ""EZ"", ""subtype"": ""JAM_HEAVY_TRAFFIC"", ""location"": {""x"": 16.539764, ""y"": 49.174049}, ""roadType"": 7, ""pubMillis"": 1775796220000, ""_fetchedAt"": ""2026-04-10T04:44:19.227976141Z"", ""confidence"": 0, ""reliability"": 5, ""reportRating"": 0, ""reportByMunicipalityUser"": ""false""}",8527
23325,"{""waze"": ""770613198"", ""waze_alert"": [""01c67406-dd5a-40bf-bc5c-b3b68a37f558"", ""2b61bed5-07fc-4b85-a0ce-f65a63741969"", ""58048075-5c53-41a3-9599-cc6beebdf07b"", ""bfa9413b-e5a3-4dd4-8904-35a969b05d64""]}","2026-04-09 12:54:10.527+00","2026-04-09 12:54:41.66495+00","2026-04-09 12:54:41.66495+00","2026-04-09 13:23:44.789171+00","0102000020E6100000070000004774CFBA4697304032772D211F9648406F2EFEB627983040CF81E508199648403370404B57983040A13193A817964840344C6DA983983040F4BF5C8B16964840B20FB22C9898304019CA8976159648406495D233BD98304078D2C26515964840064CE0D6DD9830404E0B5EF415964840","Brno","Jihlavská","602","secondary",88.0,455.0,11.17,27.931820957498783,"heavy",100,"{""id"": 770613198, ""city"": ""Brno"", ""line"": [{""x"": 16.590923, ""y"": 49.172825}, {""x"": 16.594356, ""y"": 49.172639}, {""x"": 16.595082, ""y"": 49.172597}, {""x"": 16.595759, ""y"": 49.172563}, {""x"": 16.596072, ""y"": 49.17253}, {""x"": 16.596637, ""y"": 49.172528}, {""x"": 16.597135, ""y"": 49.172545}], ""uuid"": 770613198, ""_type"": ""jam"", ""delay"": 88, ""level"": 3, ""speed"": 3.102777777777778, ""length"": 455, ""street"": ""Jihlavská"", ""_source"": ""waze"", ""country"": ""EZ"", ""endNode"": ""Vídeňská"", ""roadType"": 7, ""segments"": [{""ID"": 102861528, ""toNode"": 110126301, ""fromNode"": 110867904, ""isForward"": true}, {""ID"": 101585872, ""toNode"": 151703777, ""fromNode"": 110126301, ""isForward"": true}, {""ID"": 102086038, ""toNode"": 111701035, ""fromNode"": 151703777, ""isForward"": true}, {""ID"": 104241313, ""toNode"": 303454907, ""fromNode"": 111701035, ""isForward"": true}], ""speedKMH"": 11.17, ""turnType"": ""NONE"", ""pubMillis"": 1775739250527, ""_fetchedAt"": ""2026-04-09T13:23:43.287525983Z""}",6501
36743,"{""waze"": ""1077185148""}","2026-04-09 15:47:36.059+00","2026-04-09 15:47:51.705579+00","2026-04-09 15:47:51.705579+00","2026-04-09 16:00:51.493709+00","0102000020E610000003000000AA2A3410CB96304006483481229648405B28999CDA9530402D0B26FE28964840E7ABE46377953040EAB303AE2B964840","Brno","Jihlavská","602","secondary",107.0,379.0,8.94,29.90960717963808,"heavy",80,"{""id"": 1077185148, ""city"": ""Brno"", ""line"": [{""x"": 16.589036, ""y"": 49.172928}, {""x"": 16.585367, ""y"": 49.173126}, {""x"": 16.583853, ""y"": 49.173208}], ""uuid"": 1077185148, ""_type"": ""jam"", ""delay"": 107, ""level"": 3, ""speed"": 2.4833333333333334, ""length"": 379, ""street"": ""Jihlavská"", ""_source"": ""waze"", ""country"": ""EZ"", ""endNode"": ""Dlouhá"", ""roadType"": 7, ""segments"": [{""ID"": 309974246, ""toNode"": 251306715, ""fromNode"": 252029889, ""isForward"": false}, {""ID"": 308655556, ""toNode"": 52246925, ""fromNode"": 251306715, ""isForward"": false}], ""speedKMH"": 8.94, ""turnType"": ""NONE"", ""pubMillis"": 1775749656059, ""_fetchedAt"": ""2026-04-09T16:00:50.326322128Z""}",7935
28555,"{""waze"": ""806f9405-cb04-49a5-a1ac-e98f7474a14a""}","2026-04-09 13:53:24+00","2026-04-09 13:53:55.475082+00","2026-04-09 13:53:55.475082+00","2026-04-09 14:09:55.901767+00",NULL,"Brno","Jihlavská","602","secondary",NULL,NULL,NULL,NULL,"heavy",40,"{""city"": ""Brno"", ""type"": ""JAM"", ""uuid"": ""806f9405-cb04-49a5-a1ac-e98f7474a14a"", ""_type"": ""alert"", ""magvar"": 84, ""street"": ""Jihlavská"", ""_source"": ""waze"", ""country"": ""EZ"", ""subtype"": ""JAM_HEAVY_TRAFFIC"", ""location"": {""x"": 16.555301, ""y"": 49.173573}, ""roadType"": 7, ""pubMillis"": 1775742804000, ""_fetchedAt"": ""2026-04-09T14:09:46.265271726Z"", ""confidence"": 0, ""reliability"": 5, ""reportRating"": 5, ""reportByMunicipalityUser"": ""false""}",8742
29117,"{""waze"": ""4edc5d89-b8a2-454c-bb5c-f4a4d1fea7a1""}","2026-04-09 13:58:40+00","2026-04-09 13:58:55.882615+00","2026-04-09 13:58:55.882615+00","2026-04-09 14:31:56.523563+00",NULL,"Brno","Jihlavská","602","secondary",NULL,NULL,NULL,NULL,"heavy",40,"{""city"": ""Brno"", ""type"": ""JAM"", ""uuid"": ""4edc5d89-b8a2-454c-bb5c-f4a4d1fea7a1"", ""_type"": ""alert"", ""magvar"": 84, ""street"": ""Jihlavská"", ""_source"": ""waze"", ""country"": ""EZ"", ""subtype"": ""JAM_HEAVY_TRAFFIC"", ""location"": {""x"": 16.561214, ""y"": 49.173972}, ""roadType"": 7, ""pubMillis"": 1775743120000, ""_fetchedAt"": ""2026-04-09T14:31:46.762265480Z"", ""confidence"": 0, ""reliability"": 5, ""reportRating"": 3, ""reportByMunicipalityUser"": ""false""}",8715
25471,"{""waze"": ""776575248"", ""waze_alert"": [""71fe9248-81f8-42dc-971a-190c6751c43b""]}","2026-04-09 13:22:02.904+00","2026-04-09 13:22:48.288927+00","2026-04-09 13:22:48.288927+00","2026-04-09 13:53:50.089195+00","0102000020E61000000F0000003CC093162E7F3040A8FC6B79E59648403694DA8B687F3040639B5434D6964840A3772AE09E7F3040F92F1004C89648408FAA2688BA7F3040CDAFE600C19648404298DBBDDC7F3040494C50C3B7964840AEBCE47FF27F304033C005D9B29648403C32569BFF7F3040C4B46FEEAF9648403A048E041A8030403DB5FAEAAA96484040FB9122328030405D363AE7A796484048C2BE9D44803040C9207711A6964840268E3C1059803040CA54C1A8A4964840342F87DD77803040C4978922A4964840348639419B803040B22C98F8A3964840B62FA017EE8030408F56B5A4A3964840DBC4C9FD0E81304012691B7FA2964840","Troubsko","Jihlavská","602","secondary",74.0,605.0,18.03,46.539785252079945,"heavy",95,"{""id"": 776575248, ""city"": ""Troubsko"", ""line"": [{""x"": 16.496797, ""y"": 49.178878}, {""x"": 16.497689, ""y"": 49.178412}, {""x"": 16.498518, ""y"": 49.177979}, {""x"": 16.49894, ""y"": 49.177765}, {""x"": 16.499462, ""y"": 49.177483}, {""x"": 16.499794, ""y"": 49.177333}, {""x"": 16.499994, ""y"": 49.177244}, {""x"": 16.500397, ""y"": 49.177091}, {""x"": 16.500765, ""y"": 49.176999}, {""x"": 16.501047, ""y"": 49.176943}, {""x"": 16.501359, ""y"": 49.1769}, {""x"": 16.501829, ""y"": 49.176884}, {""x"": 16.502369, ""y"": 49.176879}, {""x"": 16.503633, ""y"": 49.176869}, {""x"": 16.504135, ""y"": 49.176834}], ""uuid"": 776575248, ""_type"": ""jam"", ""delay"": 74, ""level"": 3, ""speed"": 5.008333333333334, ""length"": 605, ""street"": ""Jihlavská"", ""_source"": ""waze"", ""country"": ""EZ"", ""endNode"": """", ""roadType"": 7, ""segments"": [{""ID"": 383757443, ""toNode"": 299163393, ""fromNode"": 110586900, ""isForward"": true}, {""ID"": 383757444, ""toNode"": 171575301, ""fromNode"": 299163393, ""isForward"": true}, {""ID"": 283291774, ""toNode"": 234238961, ""fromNode"": 171575301, ""isForward"": true}, {""ID"": 416526087, ""toNode"": 320668507, ""fromNode"": 234238961, ""isForward"": true}, {""ID"": 416526088, ""toNode"": 308678634, ""fromNode"": 320668507, ""isForward"": true}, {""ID"": 398283697, ""toNode"": 299163870, ""fromNode"": 308678634, ""isForward"": true}, {""ID"": 383758170, ""toNode"": 252793393, ""fromNode"": 299163870, ""isForward"": true}, {""ID"": 383758050, ""toNode"": 299163789, ""fromNode"": 252793393, ""isForward"": true}, {""ID"": 383758051, ""toNode"": 297644935, ""fromNode"": 299163789, ""isForward"": true}, {""ID"": 381462790, ""toNode"": 285880535, ""fromNode"": 297644935, ""isForward"": true}, {""ID"": 363254740, ""toNode"": 232577668, ""fromNode"": 285880535, ""isForward"": true}], ""speedKMH"": 18.03, ""turnType"": ""NONE"", ""pubMillis"": 1775740922904, ""_fetchedAt"": ""2026-04-09T13:53:45.287203169Z""}",9210
26276,"{""waze"": ""778712838"", ""waze_alert"": [""a5390409-5be4-4b31-a37c-8342f758e27d"", ""05a0f3f5-3525-4338-bf46-b8efc32155de"", ""4d2f41ef-744e-469b-9ba0-366c1baf2ee5"", ""e75db668-5a29-4cb3-94fe-c5361d59d9fe""]}","2026-04-09 13:31:20.845+00","2026-04-09 13:31:44.441512+00","2026-04-09 13:31:44.441512+00","2026-04-09 14:18:56.26057+00","0102000020E610000008000000AA2A3410CB96304006483481229648404774CFBA4697304032772D211F9648406F2EFEB627983040CF81E508199648403370404B57983040A13193A817964840344C6DA983983040F4BF5C8B16964840B20FB22C9898304019CA8976159648406495D233BD98304078D2C26515964840064CE0D6DD9830404E0B5EF415964840","Brno","Jihlavská","602","secondary",95.0,593.0,12.99,30.786624479600334,"heavy",100,"{""id"": 778712838, ""city"": ""Brno"", ""line"": [{""x"": 16.589036, ""y"": 49.172928}, {""x"": 16.590923, ""y"": 49.172825}, {""x"": 16.594356, ""y"": 49.172639}, {""x"": 16.595082, ""y"": 49.172597}, {""x"": 16.595759, ""y"": 49.172563}, {""x"": 16.596072, ""y"": 49.17253}, {""x"": 16.596637, ""y"": 49.172528}, {""x"": 16.597135, ""y"": 49.172545}], ""uuid"": 778712838, ""_type"": ""jam"", ""delay"": 95, ""level"": 3, ""speed"": 3.6083333333333334, ""length"": 593, ""street"": ""Jihlavská"", ""_source"": ""waze"", ""country"": ""EZ"", ""endNode"": ""Vídeňská"", ""roadType"": 7, ""segments"": [{""ID"": 309815818, ""toNode"": 110867904, ""fromNode"": 252029889, ""isForward"": true}, {""ID"": 102861528, ""toNode"": 110126301, ""fromNode"": 110867904, ""isForward"": true}, {""ID"": 101585872, ""toNode"": 151703777, ""fromNode"": 110126301, ""isForward"": true}, {""ID"": 102086038, ""toNode"": 111701035, ""fromNode"": 151703777, ""isForward"": true}, {""ID"": 104241313, ""toNode"": 303454907, ""fromNode"": 111701035, ""isForward"": true}], ""speedKMH"": 12.99, ""turnType"": ""NONE"", ""pubMillis"": 1775741480845, ""_fetchedAt"": ""2026-04-09T14:14:46.297869722Z""}",6502
28326,"{""waze"": ""41c106fe-5b65-4b12-8db6-e83b968cf3d7""}","2026-04-09 13:51:41+00","2026-04-09 13:51:55.358055+00","2026-04-09 13:51:55.358055+00","2026-04-09 14:09:55.800477+00",NULL,"Brno","Jihlavská","602","secondary",NULL,NULL,NULL,NULL,"standstill",40,"{""city"": ""Brno"", ""type"": ""JAM"", ""uuid"": ""41c106fe-5b65-4b12-8db6-e83b968cf3d7"", ""_type"": ""alert"", ""magvar"": 83, ""street"": ""Jihlavská"", ""_source"": ""waze"", ""country"": ""EZ"", ""subtype"": ""JAM_STAND_STILL_TRAFFIC"", ""location"": {""x"": 16.557286, ""y"": 49.17371}, ""roadType"": 7, ""pubMillis"": 1775742701000, ""_fetchedAt"": ""2026-04-09T14:09:46.265271726Z"", ""confidence"": 1, ""reliability"": 7, ""reportRating"": 3, ""reportByMunicipalityUser"": ""false""}",8734
28660,"{""waze"": ""76d8ee35-efa5-4ffb-8eb9-e1ed62036f45""}","2026-04-09 13:53:55+00","2026-04-09 13:54:54.829359+00","2026-04-09 13:54:54.829359+00","2026-04-09 14:09:55.775148+00",NULL,"Brno","Jihlavská","602","secondary",NULL,NULL,NULL,NULL,"standstill",40,"{""city"": ""Brno"", ""type"": ""JAM"", ""uuid"": ""76d8ee35-efa5-4ffb-8eb9-e1ed62036f45"", ""_type"": ""alert"", ""magvar"": 83, ""street"": ""Jihlavská"", ""_source"": ""waze"", ""country"": ""EZ"", ""subtype"": ""JAM_STAND_STILL_TRAFFIC"", ""location"": {""x"": 16.556287, ""y"": 49.173639}, ""roadType"": 7, ""pubMillis"": 1775742835000, ""_fetchedAt"": ""2026-04-09T14:09:46.265271726Z"", ""confidence"": 0, ""reliability"": 6, ""reportRating"": 5, ""reportByMunicipalityUser"": ""false""}",8740
30050,"{""waze"": ""786321418"", ""waze_alert"": [""ab821a1e-f31f-4b9e-988c-42a39bbe7255"", ""cd6da1e3-9fb1-45a3-bd69-15db72e46202""]}","2026-04-09 14:07:38.618+00","2026-04-09 14:07:50.737398+00","2026-04-09 14:07:50.737398+00","2026-04-09 14:40:56.069465+00","0102000020E61000000E0000003694DA8B687F3040639B5434D6964840A3772AE09E7F3040F92F1004C89648408FAA2688BA7F3040CDAFE600C19648404298DBBDDC7F3040494C50C3B7964840AEBCE47FF27F304033C005D9B29648403C32569BFF7F3040C4B46FEEAF9648403A048E041A8030403DB5FAEAAA96484040FB9122328030405D363AE7A796484048C2BE9D44803040C9207711A6964840268E3C1059803040CA54C1A8A4964840342F87DD77803040C4978922A4964840348639419B803040B22C98F8A3964840B62FA017EE8030408F56B5A4A3964840DBC4C9FD0E81304012691B7FA2964840","Troubsko","Jihlavská",NULL,"secondary",80.0,522.0,15.58,46.2672819216182,"heavy",100,"{""id"": 786321418, ""city"": ""Troubsko"", ""line"": [{""x"": 16.497689, ""y"": 49.178412}, {""x"": 16.498518, ""y"": 49.177979}, {""x"": 16.49894, ""y"": 49.177765}, {""x"": 16.499462, ""y"": 49.177483}, {""x"": 16.499794, ""y"": 49.177333}, {""x"": 16.499994, ""y"": 49.177244}, {""x"": 16.500397, ""y"": 49.177091}, {""x"": 16.500765, ""y"": 49.176999}, {""x"": 16.501047, ""y"": 49.176943}, {""x"": 16.501359, ""y"": 49.1769}, {""x"": 16.501829, ""y"": 49.176884}, {""x"": 16.502369, ""y"": 49.176879}, {""x"": 16.503633, ""y"": 49.176869}, {""x"": 16.504135, ""y"": 49.176834}], ""uuid"": 786321418, ""_type"": ""jam"", ""delay"": 80, ""level"": 3, ""speed"": 4.3277777777777775, ""length"": 522, ""street"": ""Jihlavská"", ""_source"": ""waze"", ""country"": ""EZ"", ""endNode"": """", ""roadType"": 7, ""segments"": [{""ID"": 383757444, ""toNode"": 171575301, ""fromNode"": 299163393, ""isForward"": true}, {""ID"": 283291774, ""toNode"": 234238961, ""fromNode"": 171575301, ""isForward"": true}, {""ID"": 416526087, ""toNode"": 320668507, ""fromNode"": 234238961, ""isForward"": true}, {""ID"": 416526088, ""toNode"": 308678634, ""fromNode"": 320668507, ""isForward"": true}, {""ID"": 398283697, ""toNode"": 299163870, ""fromNode"": 308678634, ""isForward"": true}, {""ID"": 383758170, ""toNode"": 252793393, ""fromNode"": 299163870, ""isForward"": true}, {""ID"": 383758050, ""toNode"": 299163789, ""fromNode"": 252793393, ""isForward"": true}, {""ID"": 383758051, ""toNode"": 297644935, ""fromNode"": 299163789, ""isForward"": true}, {""ID"": 381462790, ""toNode"": 285880535, ""fromNode"": 297644935, ""isForward"": true}, {""ID"": 363254740, ""toNode"": 232577668, ""fromNode"": 285880535, ""isForward"": true}], ""speedKMH"": 15.58, ""turnType"": ""NONE"", ""pubMillis"": 1775743658618, ""_fetchedAt"": ""2026-04-09T14:21:46.261182797Z""}",9214
22048,"{""waze"": ""765825104"", ""waze_alert"": [""cd190c9e-254f-4440-9e68-6a92d534cef1"", ""25867010-8258-4c8a-a1e4-13d48601ffdc"", ""2239e75c-f197-4f2f-a403-89945580b70d"", ""bae15abc-f5e0-441f-8a2a-43eb703f1b09"", ""b02c8705-8706-4e39-bad2-e4713923a47b""]}","2026-04-09 12:32:24.085+00","2026-04-09 12:32:41.937748+00","2026-04-09 12:32:41.937748+00","2026-04-09 16:00:53.778409+00","0102000020E6100000080000000403081F4A9030400403081F4A964840DF1B4300709030404BAFCDC64A9648402D0ABB287A903040ECA694D74A964840A7B228ECA2903040C2DF2F664B96484055850662D9903040CE8DE9094B96484030F5F3A6229130409F3D97A94996484079EA9106B7913040DD0BCC0A45964840EBFEB1101D9230404FE78A5242964840","Brno","Jihlavská","602","secondary",85.0,520.0,14.27,40.53325240877022,"heavy",100,"{""id"": 765825104, ""city"": ""Brno"", ""line"": [{""x"": 16.563631, ""y"": 49.174137}, {""x"": 16.564209, ""y"": 49.174157}, {""x"": 16.564364, ""y"": 49.174159}, {""x"": 16.564986, ""y"": 49.174176}, {""x"": 16.565817, ""y"": 49.174165}, {""x"": 16.566935, ""y"": 49.174123}, {""x"": 16.569199, ""y"": 49.173982}, {""x"": 16.570756, ""y"": 49.173899}], ""uuid"": 765825104, ""_type"": ""jam"", ""delay"": 85, ""level"": 3, ""speed"": 3.963888888888889, ""length"": 520, ""street"": ""Jihlavská"", ""_source"": ""waze"", ""country"": ""EZ"", ""endNode"": """", ""roadType"": 7, ""segments"": [{""ID"": 205262250, ""toNode"": 185116406, ""fromNode"": 96728320, ""isForward"": false}, {""ID"": 205262260, ""toNode"": 185116407, ""fromNode"": 185116406, ""isForward"": true}, {""ID"": 205262252, ""toNode"": 185116231, ""fromNode"": 185116407, ""isForward"": true}, {""ID"": 205261838, ""toNode"": 92813100, ""fromNode"": 185116231, ""isForward"": true}, {""ID"": 86290950, ""toNode"": 96728279, ""fromNode"": 92813100, ""isForward"": true}, {""ID"": 90067547, ""toNode"": 96733838, ""fromNode"": 96728279, ""isForward"": true}], ""speedKMH"": 14.27, ""turnType"": ""NONE"", ""pubMillis"": 1775737944085, ""_fetchedAt"": ""2026-04-09T16:00:50.326322128Z""}",8181
33124,"{""waze"": ""153d67ac-1a83-4a18-b55e-985de1ebb030""}","2026-04-09 14:40:27+00","2026-04-09 14:40:56.164256+00","2026-04-09 14:40:56.164256+00","2026-04-09 15:05:56.299877+00",NULL,"Brno","Jihlavská","602","secondary",NULL,NULL,NULL,NULL,"heavy",40,"{""city"": ""Brno"", ""type"": ""JAM"", ""uuid"": ""153d67ac-1a83-4a18-b55e-985de1ebb030"", ""_type"": ""alert"", ""magvar"": 84, ""street"": ""Jihlavská"", ""_source"": ""waze"", ""country"": ""EZ"", ""subtype"": ""JAM_HEAVY_TRAFFIC"", ""location"": {""x"": 16.55924, ""y"": 49.173844}, ""roadType"": 7, ""pubMillis"": 1775745627000, ""_fetchedAt"": ""2026-04-09T15:05:47.254046264Z"", ""confidence"": 0, ""reliability"": 5, ""reportRating"": 1, ""reportByMunicipalityUser"": ""false""}",8715
21612,"{""waze"": ""763715422"", ""waze_alert"": [""01c67406-dd5a-40bf-bc5c-b3b68a37f558"", ""2b61bed5-07fc-4b85-a0ce-f65a63741969"", ""58048075-5c53-41a3-9599-cc6beebdf07b""]}","2026-04-09 12:23:01.291+00","2026-04-09 12:23:39.999697+00","2026-04-09 12:23:39.999697+00","2026-04-09 14:38:48.067279+00","0102000020E610000003000000AA2A3410CB96304006483481229648405B28999CDA9530402D0B26FE28964840E7ABE46377953040EAB303AE2B964840","Brno","Jihlavská","602","secondary",98.0,379.0,9.5,29.907245039224737,"heavy",100,"{""id"": 763715422, ""city"": ""Brno"", ""line"": [{""x"": 16.589036, ""y"": 49.172928}, {""x"": 16.585367, ""y"": 49.173126}, {""x"": 16.583853, ""y"": 49.173208}], ""uuid"": 763715422, ""_type"": ""jam"", ""delay"": 98, ""level"": 3, ""speed"": 2.638888888888889, ""length"": 379, ""street"": ""Jihlavská"", ""_source"": ""waze"", ""country"": ""EZ"", ""endNode"": ""Dlouhá"", ""roadType"": 7, ""segments"": [{""ID"": 309974246, ""toNode"": 251306715, ""fromNode"": 252029889, ""isForward"": false}, {""ID"": 308655556, ""toNode"": 52246925, ""fromNode"": 251306715, ""isForward"": false}], ""speedKMH"": 9.5, ""turnType"": ""NONE"", ""pubMillis"": 1775737381291, ""_fetchedAt"": ""2026-04-09T14:38:46.255042093Z""}",7935
44030,"{""waze"": ""718acc44-fdee-441a-bff4-e8229e6ab352""}","2026-04-10 05:54:32+00","2026-04-10 05:55:32.236277+00","2026-04-10 05:55:32.236277+00","2026-04-10 05:58:32.49732+00",NULL,"Brno","Jihlavská","602","secondary",NULL,NULL,NULL,NULL,"moderate",40,"{""city"": ""Brno"", ""type"": ""JAM"", ""uuid"": ""718acc44-fdee-441a-bff4-e8229e6ab352"", ""_type"": ""alert"", ""magvar"": 274, ""street"": ""Jihlavská"", ""_source"": ""waze"", ""country"": ""EZ"", ""subtype"": """", ""location"": {""x"": 16.589845, ""y"": 49.172884}, ""roadType"": 7, ""pubMillis"": 1775800472000, ""_fetchedAt"": ""2026-04-10T05:58:20.260919372Z"", ""confidence"": 0, ""reliability"": 5, ""reportRating"": 2, ""reportByMunicipalityUser"": ""false""}",7933
40123,"{""waze"": ""1165110332"", ""waze_alert"": [""c9f6b196-4c55-46ff-a1d6-0c08e500e07e"", ""bf6957fe-33ad-45d9-98ae-c02232691e05""]}","2026-04-10 04:42:02.158+00","2026-04-10 04:42:20.928485+00","2026-04-10 04:42:20.928485+00","2026-04-10 06:21:23.051292+00","0102000020E6100000110000005FD4EE57018A30405D4E098849964840E7FEEA71DF8A3040810706103E964840DC48D922698B304049D9226937964840EDB776A2248C30408F006E162F9648409F3D97A9498C304060B01BB62D964840573F36C98F8C3040A2D3F36E2C96484038DBDC989E8C304001DC2C5E2C9648404C1C7920B28C3040724F57772C964840A41CCC26C08C304001DC2C5E2C9648403E22A644128D3040FAB660A92E96484013D55B035B8D3040E126A3CA30964840E415889E948D30405166834C329648409B92ACC3D18D30401BBD1AA034964840855D143DF08D304097AAB4C5359648409886E123628E304000C5C892399648401B13622EA98E3040DB8651103C96484053E9279CDD8E3040B18BA2073E964840","Brno","Jihlavská","602","secondary",147.0,1393.0,21.2,56.00176991150443,"moderate",100,"{""id"": 1165110332, ""city"": ""Brno"", ""line"": [{""x"": 16.539083, ""y"": 49.174119}, {""x"": 16.542472, ""y"": 49.173769}, {""x"": 16.544573, ""y"": 49.173566}, {""x"": 16.547434, ""y"": 49.173312}, {""x"": 16.547999, ""y"": 49.17327}, {""x"": 16.549069, ""y"": 49.173231}, {""x"": 16.549295, ""y"": 49.173229}, {""x"": 16.549593, ""y"": 49.173232}, {""x"": 16.549807, ""y"": 49.173229}, {""x"": 16.55106, ""y"": 49.173299}, {""x"": 16.55217, ""y"": 49.173364}, {""x"": 16.553049, ""y"": 49.17341}, {""x"": 16.553982, ""y"": 49.173481}, {""x"": 16.554447, ""y"": 49.173516}, {""x"": 16.556185, ""y"": 49.173632}, {""x"": 16.557269, ""y"": 49.173708}, {""x"": 16.558069, ""y"": 49.173768}], ""uuid"": 1165110332, ""_type"": ""jam"", ""delay"": 147, ""level"": 2, ""speed"": 5.888888888888889, ""length"": 1393, ""street"": ""Jihlavská"", ""_source"": ""waze"", ""country"": ""EZ"", ""endNode"": ""» Ostrava / Bratislava (SK) / Wien (A) / Praha"", ""roadType"": 7, ""segments"": [{""ID"": 417664703, ""toNode"": 210855475, ""fromNode"": 321402728, ""isForward"": false}, {""ID"": 253574101, ""toNode"": 214348282, ""fromNode"": 210855475, ""isForward"": true}, {""ID"": 253574265, ""toNode"": 214348364, ""fromNode"": 214348282, ""isForward"": true}, {""ID"": 253574267, ""toNode"": 210855495, ""fromNode"": 214348364, ""isForward"": true}, {""ID"": 247976341, ""toNode"": 173753642, ""fromNode"": 210855495, ""isForward"": true}, {""ID"": 285680847, ""toNode"": 235708176, ""fromNode"": 173753642, ""isForward"": false}, {""ID"": 285680846, ""toNode"": 207223754, ""fromNode"": 235708176, ""isForward"": false}, {""ID"": 305365576, ""toNode"": 249178994, ""fromNode"": 207223754, ""isForward"": false}, {""ID"": 305365575, ""toNode"": 148564790, ""fromNode"": 249178994, ""isForward"": false}, {""ID"": 285680855, ""toNode"": 235708181, ""fromNode"": 148564790, ""isForward"": true}, {""ID"": 285680856, ""toNode"": 154091533, ""fromNode"": 235708181, ""isForward"": true}, {""ID"": 285680849, ""toNode"": 235708177, ""fromNode"": 154091533, ""isForward"": true}, {""ID"": 141023934, ""toNode"": 151015806, ""fromNode"": 235708177, ""isForward"": false}, {""ID"": 84016602, ""toNode"": 91330822, ""fromNode"": 151015806, ""isForward"": false}], ""speedKMH"": 21.2, ""turnType"": ""NONE"", ""pubMillis"": 1775796122158, ""_fetchedAt"": ""2026-04-10T06:21:22.262783840Z""}",8546
31224,"{""waze"": ""788884648"", ""waze_alert"": [""e75db668-5a29-4cb3-94fe-c5361d59d9fe"", ""bbe5029f-ac57-407b-8b12-fbfbbcf56108""]}","2026-04-09 14:19:37.322+00","2026-04-09 14:19:48.913014+00","2026-04-09 14:19:48.913014+00","2026-04-09 15:06:49.598299+00","0102000020E610000005000000AA2A3410CB96304006483481229648404774CFBA4697304032772D211F9648406F2EFEB627983040CF81E508199648403370404B57983040A13193A817964840344C6DA983983040F4BF5C8B16964840","Brno","Jihlavská","602","secondary",93.0,492.0,13.77,49.71447440836544,"heavy",100,"{""id"": 788884648, ""city"": ""Brno"", ""line"": [{""x"": 16.589036, ""y"": 49.172928}, {""x"": 16.590923, ""y"": 49.172825}, {""x"": 16.594356, ""y"": 49.172639}, {""x"": 16.595082, ""y"": 49.172597}, {""x"": 16.595759, ""y"": 49.172563}], ""uuid"": 788884648, ""_type"": ""jam"", ""delay"": 93, ""level"": 3, ""speed"": 3.825, ""length"": 492, ""street"": ""Jihlavská"", ""_source"": ""waze"", ""country"": ""EZ"", ""endNode"": ""Vídeňská"", ""roadType"": 7, ""segments"": [{""ID"": 309815818, ""toNode"": 110867904, ""fromNode"": 252029889, ""isForward"": true}, {""ID"": 102861528, ""toNode"": 110126301, ""fromNode"": 110867904, ""isForward"": true}, {""ID"": 101585872, ""toNode"": 151703777, ""fromNode"": 110126301, ""isForward"": true}, {""ID"": 102086038, ""toNode"": 111701035, ""fromNode"": 151703777, ""isForward"": true}], ""speedKMH"": 13.77, ""turnType"": ""NONE"", ""pubMillis"": 1775744377322, ""_fetchedAt"": ""2026-04-09T15:06:47.298817139Z""}",6501
37011,"{""waze"": ""1079152472"", ""waze_alert"": [""6506396b-2277-438b-8634-fd5b2a29bf2c""]}","2026-04-09 15:56:02.547+00","2026-04-09 15:56:54.106315+00","2026-04-09 15:56:54.106315+00","2026-04-09 16:05:58.702645+00","0102000020E6100000070000004774CFBA4697304032772D211F9648406F2EFEB627983040CF81E508199648403370404B57983040A13193A817964840344C6DA983983040F4BF5C8B16964840B20FB22C9898304019CA8976159648406495D233BD98304078D2C26515964840064CE0D6DD9830404E0B5EF415964840","Brno","Jihlavská","602","secondary",63.0,455.0,13.4,27.650793650793656,"heavy",100,"{""id"": 1079152472, ""city"": ""Brno"", ""line"": [{""x"": 16.590923, ""y"": 49.172825}, {""x"": 16.594356, ""y"": 49.172639}, {""x"": 16.595082, ""y"": 49.172597}, {""x"": 16.595759, ""y"": 49.172563}, {""x"": 16.596072, ""y"": 49.17253}, {""x"": 16.596637, ""y"": 49.172528}, {""x"": 16.597135, ""y"": 49.172545}], ""uuid"": 1079152472, ""_type"": ""jam"", ""delay"": 63, ""level"": 3, ""speed"": 3.7222222222222223, ""length"": 455, ""street"": ""Jihlavská"", ""_source"": ""waze"", ""country"": ""EZ"", ""endNode"": ""Vídeňská"", ""roadType"": 7, ""segments"": [{""ID"": 102861528, ""toNode"": 110126301, ""fromNode"": 110867904, ""isForward"": true}, {""ID"": 101585872, ""toNode"": 151703777, ""fromNode"": 110126301, ""isForward"": true}, {""ID"": 102086038, ""toNode"": 111701035, ""fromNode"": 151703777, ""isForward"": true}, {""ID"": 104241313, ""toNode"": 303454907, ""fromNode"": 111701035, ""isForward"": true}], ""speedKMH"": 13.4, ""turnType"": ""NONE"", ""pubMillis"": 1775750162547, ""_fetchedAt"": ""2026-04-09T16:02:50.268176367Z""}",6501
36745,"{""waze"": ""1077189278"", ""waze_alert"": [""2eb561a9-2b12-4b0d-a5eb-909e8484202f"", ""043dfac2-680c-497d-85af-2aa3ce9bb03d"", ""6506396b-2277-438b-8634-fd5b2a29bf2c""]}","2026-04-09 15:47:38.387+00","2026-04-09 15:47:52.022711+00","2026-04-09 15:47:52.022711+00","2026-04-09 16:05:58.67342+00","0102000020E6100000070000004774CFBA4697304032772D211F9648406F2EFEB627983040CF81E508199648403370404B57983040A13193A817964840344C6DA983983040F4BF5C8B16964840B20FB22C9898304019CA8976159648406495D233BD98304078D2C26515964840064CE0D6DD9830404E0B5EF415964840","Brno","Jihlavská","602","secondary",126.0,455.0,8.86,27.821256038647352,"standstill",100,"{""jam"": {""id"": 1077189278, ""city"": ""Brno"", ""line"": [{""x"": 16.590923, ""y"": 49.172825}, {""x"": 16.594356, ""y"": 49.172639}, {""x"": 16.595082, ""y"": 49.172597}, {""x"": 16.595759, ""y"": 49.172563}, {""x"": 16.596072, ""y"": 49.17253}, {""x"": 16.596637, ""y"": 49.172528}, {""x"": 16.597135, ""y"": 49.172545}], ""uuid"": 1077189278, ""_type"": ""jam"", ""delay"": 126, ""level"": 4, ""speed"": 2.4611111111111112, ""length"": 455, ""street"": ""Jihlavská"", ""_source"": ""waze"", ""country"": ""EZ"", ""endNode"": ""Vídeňská"", ""roadType"": 7, ""segments"": [{""ID"": 102861528, ""toNode"": 110126301, ""fromNode"": 110867904, ""isForward"": true}, {""ID"": 101585872, ""toNode"": 151703777, ""fromNode"": 110126301, ""isForward"": true}, {""ID"": 102086038, ""toNode"": 111701035, ""fromNode"": 151703777, ""isForward"": true}, {""ID"": 104241313, ""toNode"": 303454907, ""fromNode"": 111701035, ""isForward"": true}], ""speedKMH"": 8.86, ""turnType"": ""NONE"", ""pubMillis"": 1775749658387, ""_fetchedAt"": ""2026-04-09T15:54:50.243077802Z""}, ""alerts"": [{""city"": ""Brno"", ""type"": ""JAM"", ""uuid"": ""6506396b-2277-438b-8634-fd5b2a29bf2c"", ""_type"": ""alert"", ""magvar"": 274, ""street"": ""Jihlavská"", ""_source"": ""waze"", ""country"": ""EZ"", ""subtype"": ""JAM_HEAVY_TRAFFIC"", ""location"": {""x"": 16.587204, ""y"": 49.173028}, ""roadType"": 7, ""pubMillis"": 1775750036000, ""_fetchedAt"": ""2026-04-09T15:54:50.243077802Z"", ""confidence"": 0, ""reliability"": 5, ""reportRating"": 4, ""reportByMunicipalityUser"": ""false""}]}",6501
37358,"{""waze"": ""1084081586"", ""waze_alert"": [""2622f3da-313d-441c-9c43-15ddcea4c075"", ""1663c4e2-6e90-4fe4-a92d-b95fc6b544f1""]}","2026-04-09 16:18:36.289+00","2026-04-09 16:18:53.131938+00","2026-04-09 16:18:53.131938+00","2026-04-09 16:47:02.552892+00","0102000020E61000000400000030F5F3A6229130409F3D97A94996484079EA9106B7913040DD0BCC0A45964840EBFEB1101D9230404FE78A5242964840BC3FDEAB569230403EB0E3BF40964840","Brno","Jihlavská","602","secondary",92.0,344.0,9.28,29.878202995008326,"heavy",100,"{""id"": 1084081586, ""city"": ""Brno"", ""line"": [{""x"": 16.566935, ""y"": 49.174123}, {""x"": 16.569199, ""y"": 49.173982}, {""x"": 16.570756, ""y"": 49.173899}, {""x"": 16.571635, ""y"": 49.173851}], ""uuid"": 1084081586, ""_type"": ""jam"", ""delay"": 92, ""level"": 3, ""speed"": 2.577777777777778, ""length"": 344, ""street"": ""Jihlavská"", ""_source"": ""waze"", ""country"": ""EZ"", ""endNode"": ""Osová"", ""roadType"": 7, ""segments"": [{""ID"": 86290950, ""toNode"": 96728279, ""fromNode"": 92813100, ""isForward"": true}, {""ID"": 90067547, ""toNode"": 96733838, ""fromNode"": 96728279, ""isForward"": true}, {""ID"": 90076380, ""toNode"": 96733850, ""fromNode"": 96733838, ""isForward"": true}], ""speedKMH"": 9.28, ""turnType"": ""NONE"", ""pubMillis"": 1775751516289, ""_fetchedAt"": ""2026-04-09T16:46:53.236853647Z""}",8184
40258,"{""waze"": ""1165335282"", ""waze_alert"": [""562e8d76-fa77-4127-9006-c45e408f46c0"", ""19de9a2c-ccb5-451e-aaf9-d56a227fbd27""]}","2026-04-10 04:47:34.144+00","2026-04-10 04:48:24.355253+00","2026-04-10 04:48:24.355253+00","2026-04-10 05:09:24.41811+00","0102000020E61000000F0000003CC093162E7F3040A8FC6B79E59648403694DA8B687F3040639B5434D6964840A3772AE09E7F3040F92F1004C89648408FAA2688BA7F3040CDAFE600C19648404298DBBDDC7F3040494C50C3B7964840AEBCE47FF27F304033C005D9B29648403C32569BFF7F3040C4B46FEEAF9648403A048E041A8030403DB5FAEAAA96484040FB9122328030405D363AE7A796484048C2BE9D44803040C9207711A6964840268E3C1059803040CA54C1A8A4964840342F87DD77803040C4978922A4964840348639419B803040B22C98F8A3964840B62FA017EE8030408F56B5A4A3964840DBC4C9FD0E81304012691B7FA2964840","Troubsko","Jihlavská","602","secondary",80.0,605.0,17.16,46.416393442622955,"heavy",100,"{""id"": 1165335282, ""city"": ""Troubsko"", ""line"": [{""x"": 16.496797, ""y"": 49.178878}, {""x"": 16.497689, ""y"": 49.178412}, {""x"": 16.498518, ""y"": 49.177979}, {""x"": 16.49894, ""y"": 49.177765}, {""x"": 16.499462, ""y"": 49.177483}, {""x"": 16.499794, ""y"": 49.177333}, {""x"": 16.499994, ""y"": 49.177244}, {""x"": 16.500397, ""y"": 49.177091}, {""x"": 16.500765, ""y"": 49.176999}, {""x"": 16.501047, ""y"": 49.176943}, {""x"": 16.501359, ""y"": 49.1769}, {""x"": 16.501829, ""y"": 49.176884}, {""x"": 16.502369, ""y"": 49.176879}, {""x"": 16.503633, ""y"": 49.176869}, {""x"": 16.504135, ""y"": 49.176834}], ""uuid"": 1165335282, ""_type"": ""jam"", ""delay"": 80, ""level"": 3, ""speed"": 4.766666666666667, ""length"": 605, ""street"": ""Jihlavská"", ""_source"": ""waze"", ""country"": ""EZ"", ""endNode"": """", ""roadType"": 7, ""segments"": [{""ID"": 383757443, ""toNode"": 299163393, ""fromNode"": 110586900, ""isForward"": true}, {""ID"": 383757444, ""toNode"": 171575301, ""fromNode"": 299163393, ""isForward"": true}, {""ID"": 283291774, ""toNode"": 234238961, ""fromNode"": 171575301, ""isForward"": true}, {""ID"": 416526087, ""toNode"": 320668507, ""fromNode"": 234238961, ""isForward"": true}, {""ID"": 416526088, ""toNode"": 308678634, ""fromNode"": 320668507, ""isForward"": true}, {""ID"": 398283697, ""toNode"": 299163870, ""fromNode"": 308678634, ""isForward"": true}, {""ID"": 383758170, ""toNode"": 252793393, ""fromNode"": 299163870, ""isForward"": true}, {""ID"": 383758050, ""toNode"": 299163789, ""fromNode"": 252793393, ""isForward"": true}, {""ID"": 383758051, ""toNode"": 297644935, ""fromNode"": 299163789, ""isForward"": true}, {""ID"": 381462790, ""toNode"": 285880535, ""fromNode"": 297644935, ""isForward"": true}, {""ID"": 363254740, ""toNode"": 232577668, ""fromNode"": 285880535, ""isForward"": true}], ""speedKMH"": 17.16, ""turnType"": ""NONE"", ""pubMillis"": 1775796454144, ""_fetchedAt"": ""2026-04-10T05:09:20.221680517Z""}",9210
40094,"{""waze"": ""c9f6b196-4c55-46ff-a1d6-0c08e500e07e""}","2026-04-10 04:39:48+00","2026-04-10 04:40:28.519288+00","2026-04-10 04:40:28.519288+00","2026-04-10 04:41:28.418455+00",NULL,"Brno","Jihlavská","602","secondary",NULL,NULL,NULL,NULL,"heavy",40,"{""city"": ""Brno"", ""type"": ""JAM"", ""uuid"": ""c9f6b196-4c55-46ff-a1d6-0c08e500e07e"", ""_type"": ""alert"", ""magvar"": 94, ""street"": ""Jihlavská"", ""_source"": ""waze"", ""country"": ""EZ"", ""subtype"": ""JAM_HEAVY_TRAFFIC"", ""location"": {""x"": 16.547726, ""y"": 49.173298}, ""roadType"": 7, ""pubMillis"": 1775795988000, ""_fetchedAt"": ""2026-04-10T04:41:20.205974224Z"", ""confidence"": 0, ""reliability"": 5, ""reportRating"": 3, ""reportByMunicipalityUser"": ""false""}",8538
50015,"{""waze"": ""1174637912"", ""waze_alert"": [""a18263f5-7316-47b6-b176-21cd0d69eb6e"", ""574d1c42-4ab2-4a4c-a193-e7532661f2ec"", ""2da1ed96-6295-49d0-bf51-89b574f51921"", ""96db9a36-4d89-4a8e-8dfa-8f86b38a0ba8""]}","2026-04-10 07:03:32.514+00","2026-04-10 07:04:26.505405+00","2026-04-10 07:04:26.505405+00","2026-04-10 07:59:35.744993+00","0102000020E610000011000000E7FEEA71DF8A3040810706103E964840DC48D922698B304049D9226937964840EDB776A2248C30408F006E162F9648409F3D97A9498C304060B01BB62D964840573F36C98F8C3040A2D3F36E2C96484038DBDC989E8C304001DC2C5E2C9648404C1C7920B28C3040724F57772C964840A41CCC26C08C304001DC2C5E2C9648403E22A644128D3040FAB660A92E96484013D55B035B8D3040E126A3CA30964840E415889E948D30405166834C329648409B92ACC3D18D30401BBD1AA034964840855D143DF08D304097AAB4C5359648409886E123628E304000C5C892399648401B13622EA98E3040DB8651103C96484053E9279CDD8E3040B18BA2073E9648409301A08A1B8F30402788BA0F40964840","Brno","Jihlavská",NULL,"secondary",60.0,1212.0,31.4,55.26156824782188,"light",100,"{""jam"": {""id"": 1174637912, ""city"": ""Brno"", ""line"": [{""x"": 16.542472, ""y"": 49.173769}, {""x"": 16.544573, ""y"": 49.173566}, {""x"": 16.547434, ""y"": 49.173312}, {""x"": 16.547999, ""y"": 49.17327}, {""x"": 16.549069, ""y"": 49.173231}, {""x"": 16.549295, ""y"": 49.173229}, {""x"": 16.549593, ""y"": 49.173232}, {""x"": 16.549807, ""y"": 49.173229}, {""x"": 16.55106, ""y"": 49.173299}, {""x"": 16.55217, ""y"": 49.173364}, {""x"": 16.553049, ""y"": 49.17341}, {""x"": 16.553982, ""y"": 49.173481}, {""x"": 16.554447, ""y"": 49.173516}, {""x"": 16.556185, ""y"": 49.173632}, {""x"": 16.557269, ""y"": 49.173708}, {""x"": 16.558069, ""y"": 49.173768}, {""x"": 16.559014, ""y"": 49.17383}], ""uuid"": 1174637912, ""_type"": ""jam"", ""delay"": 60, ""level"": 1, ""speed"": 8.722222222222221, ""length"": 1212, ""street"": ""Jihlavská"", ""_source"": ""waze"", ""country"": ""EZ"", ""endNode"": ""» Bohunice"", ""roadType"": 7, ""segments"": [{""ID"": 253574101, ""toNode"": 214348282, ""fromNode"": 210855475, ""isForward"": true}, {""ID"": 253574265, ""toNode"": 214348364, ""fromNode"": 214348282, ""isForward"": true}, {""ID"": 253574267, ""toNode"": 210855495, ""fromNode"": 214348364, ""isForward"": true}, {""ID"": 247976341, ""toNode"": 173753642, ""fromNode"": 210855495, ""isForward"": true}, {""ID"": 285680847, ""toNode"": 235708176, ""fromNode"": 173753642, ""isForward"": false}, {""ID"": 285680846, ""toNode"": 207223754, ""fromNode"": 235708176, ""isForward"": false}, {""ID"": 305365576, ""toNode"": 249178994, ""fromNode"": 207223754, ""isForward"": false}, {""ID"": 305365575, ""toNode"": 148564790, ""fromNode"": 249178994, ""isForward"": false}, {""ID"": 285680855, ""toNode"": 235708181, ""fromNode"": 148564790, ""isForward"": true}, {""ID"": 285680856, ""toNode"": 154091533, ""fromNode"": 235708181, ""isForward"": true}, {""ID"": 285680849, ""toNode"": 235708177, ""fromNode"": 154091533, ""isForward"": true}, {""ID"": 141023934, ""toNode"": 151015806, ""fromNode"": 235708177, ""isForward"": false}, {""ID"": 84016602, ""toNode"": 91330822, ""fromNode"": 151015806, ""isForward"": false}, {""ID"": 84216256, ""toNode"": 91418120, ""fromNode"": 91330822, ""isForward"": false}], ""speedKMH"": 31.4, ""turnType"": ""NONE"", ""pubMillis"": 1775804612514, ""_fetchedAt"": ""2026-04-10T07:08:25.250692989Z""}, ""alerts"": [{""type"": ""JAM"", ""uuid"": ""574d1c42-4ab2-4a4c-a193-e7532661f2ec"", ""_type"": ""alert"", ""magvar"": 100, ""street"": ""» Olomouc / Bratislava (SK)"", ""_source"": ""waze"", ""country"": ""EZ"", ""subtype"": ""JAM_STAND_STILL_TRAFFIC"", ""location"": {""x"": 16.542793, ""y"": 49.167846}, ""roadType"": 4, ""pubMillis"": 1775805393000, ""_fetchedAt"": ""2026-04-10T07:17:25.239761548Z"", ""confidence"": 0, ""reliability"": 6, ""reportRating"": 3, ""reportByMunicipalityUser"": ""false""}, {""type"": ""JAM"", ""uuid"": ""2da1ed96-6295-49d0-bf51-89b574f51921"", ""_type"": ""alert"", ""magvar"": 104, ""street"": ""D1"", ""_source"": ""waze"", ""country"": ""EZ"", ""subtype"": ""JAM_STAND_STILL_TRAFFIC"", ""location"": {""x"": 16.53798, ""y"": 49.168798}, ""roadType"": 3, ""pubMillis"": 1775805480000, ""_fetchedAt"": ""2026-04-10T07:18:25.237398853Z"", ""confidence"": 0, ""reliability"": 5, ""reportRating"": 5, ""reportByMunicipalityUser"": ""false""}, {""type"": ""JAM"", ""uuid"": ""96db9a36-4d89-4a8e-8dfa-8f86b38a0ba8"", ""_type"": ""alert"", ""magvar"": 116, ""street"": ""D1"", ""_source"": ""waze"", ""country"": ""EZ"", ""subtype"": ""JAM_HEAVY_TRAFFIC"", ""location"": {""x"": 16.550766, ""y"": 49.165685}, ""roadType"": 3, ""pubMillis"": 1775806334000, ""_fetchedAt"": ""2026-04-10T07:32:26.253055496Z"", ""confidence"": 0, ""reliability"": 5, ""reportRating"": 3, ""reportByMunicipalityUser"": ""false""}]}",8588
44454,"{""waze"": ""1168866434"", ""waze_alert"": [""718acc44-fdee-441a-bff4-e8229e6ab352"", ""2b9acbac-50d7-4784-b593-1027cab2174a"", ""3f9fc8e4-3773-48a5-8f82-543f72bfd60d"", ""4e4eb750-e526-4a68-a127-73545e06a244"", ""fca1fc28-d0cc-41c1-bfd8-bc9d8e303481""]}","2026-04-10 05:52:51.727+00","2026-04-10 05:59:20.974491+00","2026-04-10 05:59:20.974491+00","2026-04-10 06:25:33.547577+00","0102000020E610000003000000AA2A3410CB96304006483481229648405B28999CDA9530402D0B26FE28964840E7ABE46377953040EAB303AE2B964840","Brno","Jihlavská","602","secondary",87.0,379.0,10.29,29.924496451179746,"heavy",100,"{""jam"": {""id"": 1168866434, ""city"": ""Brno"", ""line"": [{""x"": 16.589036, ""y"": 49.172928}, {""x"": 16.585367, ""y"": 49.173126}, {""x"": 16.583853, ""y"": 49.173208}], ""uuid"": 1168866434, ""_type"": ""jam"", ""delay"": 87, ""level"": 3, ""speed"": 2.8583333333333334, ""length"": 379, ""street"": ""Jihlavská"", ""_source"": ""waze"", ""country"": ""EZ"", ""endNode"": ""Dlouhá"", ""roadType"": 7, ""segments"": [{""ID"": 309974246, ""toNode"": 251306715, ""fromNode"": 252029889, ""isForward"": false}, {""ID"": 308655556, ""toNode"": 52246925, ""fromNode"": 251306715, ""isForward"": false}], ""speedKMH"": 10.29, ""turnType"": ""NONE"", ""pubMillis"": 1775800371727, ""_fetchedAt"": ""2026-04-10T06:11:21.292952124Z""}, ""alerts"": [{""city"": ""Brno"", ""type"": ""JAM"", ""uuid"": ""fca1fc28-d0cc-41c1-bfd8-bc9d8e303481"", ""_type"": ""alert"", ""magvar"": 94, ""street"": ""Jihlavská"", ""_source"": ""waze"", ""country"": ""EZ"", ""subtype"": """", ""location"": {""x"": 16.586271, ""y"": 49.173078}, ""roadType"": 7, ""pubMillis"": 1775801664000, ""_fetchedAt"": ""2026-04-10T06:15:22.279597247Z"", ""confidence"": 0, ""reliability"": 5, ""reportRating"": 3, ""reportByMunicipalityUser"": ""false""}]}",7935
43630,"{""waze"": ""3f9fc8e4-3773-48a5-8f82-543f72bfd60d""}","2026-04-10 05:51:45+00","2026-04-10 05:52:30.676465+00","2026-04-10 05:52:30.676465+00","2026-04-10 05:58:32.734888+00",NULL,"Brno","Jihlavská","602","secondary",NULL,NULL,NULL,NULL,"heavy",40,"{""city"": ""Brno"", ""type"": ""JAM"", ""uuid"": ""3f9fc8e4-3773-48a5-8f82-543f72bfd60d"", ""_type"": ""alert"", ""magvar"": 274, ""street"": ""Jihlavská"", ""_source"": ""waze"", ""country"": ""EZ"", ""subtype"": ""JAM_HEAVY_TRAFFIC"", ""location"": {""x"": 16.586628, ""y"": 49.173059}, ""roadType"": 7, ""pubMillis"": 1775800305000, ""_fetchedAt"": ""2026-04-10T05:58:20.260919372Z"", ""confidence"": 0, ""reliability"": 5, ""reportRating"": 3, ""reportByMunicipalityUser"": ""false""}",7935
44167,"{""waze"": ""2b9acbac-50d7-4784-b593-1027cab2174a""}","2026-04-10 05:55:36+00","2026-04-10 05:56:32.358902+00","2026-04-10 05:56:32.358902+00","2026-04-10 05:58:32.53016+00",NULL,"Brno","Jihlavská","602","secondary",NULL,NULL,NULL,NULL,"heavy",40,"{""city"": ""Brno"", ""type"": ""JAM"", ""uuid"": ""2b9acbac-50d7-4784-b593-1027cab2174a"", ""_type"": ""alert"", ""magvar"": 94, ""street"": ""Jihlavská"", ""_source"": ""waze"", ""country"": ""EZ"", ""subtype"": ""JAM_HEAVY_TRAFFIC"", ""location"": {""x"": 16.579826, ""y"": 49.17342}, ""roadType"": 7, ""pubMillis"": 1775800536000, ""_fetchedAt"": ""2026-04-10T05:58:20.260919372Z"", ""confidence"": 0, ""reliability"": 5, ""reportRating"": 3, ""reportByMunicipalityUser"": ""false""}",7966
41281,"{""waze"": ""1166996322"", ""waze_alert"": [""c16805bf-b1cb-4582-ab4c-b0059180527a"", ""fca5a650-ce52-4ca6-a694-91b6e619b111"", ""6027b83e-f6bb-4add-bbe1-9fb26c01f572""]}","2026-04-10 05:22:28.511+00","2026-04-10 05:23:24.208135+00","2026-04-10 05:23:24.208135+00","2026-04-10 06:11:33.64326+00","0102000020E61000000F0000003CC093162E7F3040A8FC6B79E59648403694DA8B687F3040639B5434D6964840A3772AE09E7F3040F92F1004C89648408FAA2688BA7F3040CDAFE600C19648404298DBBDDC7F3040494C50C3B7964840AEBCE47FF27F304033C005D9B29648403C32569BFF7F3040C4B46FEEAF9648403A048E041A8030403DB5FAEAAA96484040FB9122328030405D363AE7A796484048C2BE9D44803040C9207711A6964840268E3C1059803040CA54C1A8A4964840342F87DD77803040C4978922A4964840348639419B803040B22C98F8A3964840B62FA017EE8030408F56B5A4A3964840DBC4C9FD0E81304012691B7FA2964840","Troubsko","Jihlavská","602","secondary",88.0,605.0,16.18,46.72753792298717,"heavy",100,"{""id"": 1166996322, ""city"": ""Troubsko"", ""line"": [{""x"": 16.496797, ""y"": 49.178878}, {""x"": 16.497689, ""y"": 49.178412}, {""x"": 16.498518, ""y"": 49.177979}, {""x"": 16.49894, ""y"": 49.177765}, {""x"": 16.499462, ""y"": 49.177483}, {""x"": 16.499794, ""y"": 49.177333}, {""x"": 16.499994, ""y"": 49.177244}, {""x"": 16.500397, ""y"": 49.177091}, {""x"": 16.500765, ""y"": 49.176999}, {""x"": 16.501047, ""y"": 49.176943}, {""x"": 16.501359, ""y"": 49.1769}, {""x"": 16.501829, ""y"": 49.176884}, {""x"": 16.502369, ""y"": 49.176879}, {""x"": 16.503633, ""y"": 49.176869}, {""x"": 16.504135, ""y"": 49.176834}], ""uuid"": 1166996322, ""_type"": ""jam"", ""delay"": 88, ""level"": 3, ""speed"": 4.4944444444444445, ""length"": 605, ""street"": ""Jihlavská"", ""_source"": ""waze"", ""country"": ""EZ"", ""endNode"": """", ""roadType"": 7, ""segments"": [{""ID"": 383757443, ""toNode"": 299163393, ""fromNode"": 110586900, ""isForward"": true}, {""ID"": 383757444, ""toNode"": 171575301, ""fromNode"": 299163393, ""isForward"": true}, {""ID"": 283291774, ""toNode"": 234238961, ""fromNode"": 171575301, ""isForward"": true}, {""ID"": 416526087, ""toNode"": 320668507, ""fromNode"": 234238961, ""isForward"": true}, {""ID"": 416526088, ""toNode"": 308678634, ""fromNode"": 320668507, ""isForward"": true}, {""ID"": 398283697, ""toNode"": 299163870, ""fromNode"": 308678634, ""isForward"": true}, {""ID"": 383758170, ""toNode"": 252793393, ""fromNode"": 299163870, ""isForward"": true}, {""ID"": 383758050, ""toNode"": 299163789, ""fromNode"": 252793393, ""isForward"": true}, {""ID"": 383758051, ""toNode"": 297644935, ""fromNode"": 299163789, ""isForward"": true}, {""ID"": 381462790, ""toNode"": 285880535, ""fromNode"": 297644935, ""isForward"": true}, {""ID"": 363254740, ""toNode"": 232577668, ""fromNode"": 285880535, ""isForward"": true}], ""speedKMH"": 16.18, ""turnType"": ""NONE"", ""pubMillis"": 1775798548511, ""_fetchedAt"": ""2026-04-10T05:35:20.257676919Z""}",9210
41965,"{""waze"": ""1166860062"", ""waze_alert"": [""4c2117d5-b23a-4995-9cb3-ed34c42f6ac3"", ""398918f4-f4e6-4a0b-a871-5345f7b5922b"", ""a0e1bde7-2bf8-47c3-9786-819bfddfcaf0""]}","2026-04-10 05:19:29.365+00","2026-04-10 05:35:21.841401+00","2026-04-10 05:35:21.841401+00","2026-04-10 07:11:26.846768+00","0102000020E6100000080000000403081F4A9030400403081F4A964840DF1B4300709030404BAFCDC64A9648402D0ABB287A903040ECA694D74A964840A7B228ECA2903040C2DF2F664B96484055850662D9903040CE8DE9094B96484030F5F3A6229130409F3D97A94996484079EA9106B7913040DD0BCC0A45964840EBFEB1101D9230404FE78A5242964840","Brno","Jihlavská","602","secondary",89.0,520.0,13.88,40.810705534962615,"heavy",100,"{""id"": 1166860062, ""city"": ""Brno"", ""line"": [{""x"": 16.563631, ""y"": 49.174137}, {""x"": 16.564209, ""y"": 49.174157}, {""x"": 16.564364, ""y"": 49.174159}, {""x"": 16.564986, ""y"": 49.174176}, {""x"": 16.565817, ""y"": 49.174165}, {""x"": 16.566935, ""y"": 49.174123}, {""x"": 16.569199, ""y"": 49.173982}, {""x"": 16.570756, ""y"": 49.173899}], ""uuid"": 1166860062, ""_type"": ""jam"", ""delay"": 89, ""level"": 3, ""speed"": 3.8555555555555556, ""length"": 520, ""street"": ""Jihlavská"", ""_source"": ""waze"", ""country"": ""EZ"", ""endNode"": """", ""roadType"": 7, ""segments"": [{""ID"": 205262250, ""toNode"": 185116406, ""fromNode"": 96728320, ""isForward"": false}, {""ID"": 205262260, ""toNode"": 185116407, ""fromNode"": 185116406, ""isForward"": true}, {""ID"": 205262252, ""toNode"": 185116231, ""fromNode"": 185116407, ""isForward"": true}, {""ID"": 205261838, ""toNode"": 92813100, ""fromNode"": 185116231, ""isForward"": true}, {""ID"": 86290950, ""toNode"": 96728279, ""fromNode"": 92813100, ""isForward"": true}, {""ID"": 90067547, ""toNode"": 96733838, ""fromNode"": 96728279, ""isForward"": true}], ""speedKMH"": 13.88, ""turnType"": ""NONE"", ""pubMillis"": 1775798369365, ""_fetchedAt"": ""2026-04-10T07:11:25.387915754Z""}",8181
45596,"{""waze"": ""59347fad-99c2-4da5-b166-b9de20d11bee"", ""waze_alert"": [""933905eb-269c-4b65-9299-49cb866dd6a9"", ""9a894f15-90f6-41ae-9299-a539083d2799""]}","2026-04-10 06:07:00+00","2026-04-10 06:07:31.151739+00","2026-04-10 06:07:31.151739+00","2026-04-10 06:20:32.61356+00",NULL,"Troubsko","Jihlavská","602","secondary",NULL,NULL,NULL,NULL,"standstill",100,"{""city"": ""Troubsko"", ""type"": ""JAM"", ""uuid"": ""59347fad-99c2-4da5-b166-b9de20d11bee"", ""_type"": ""alert"", ""magvar"": 124, ""street"": ""Jihlavská"", ""_source"": ""waze"", ""country"": ""EZ"", ""subtype"": ""JAM_STAND_STILL_TRAFFIC"", ""location"": {""x"": 16.499783, ""y"": 49.177339}, ""roadType"": 7, ""pubMillis"": 1775801220000, ""_fetchedAt"": ""2026-04-10T06:15:22.279597247Z"", ""confidence"": 0, ""reliability"": 5, ""reportRating"": 5, ""reportByMunicipalityUser"": ""false""}",9210
52030,"{""waze"": ""1178773380""}","2026-04-10 08:09:48.053+00","2026-04-10 08:10:27.263258+00","2026-04-10 08:10:27.263258+00","2026-04-10 08:14:28.417034+00","0102000020E610000007000000297B4B395F943040698EACFC329648401DAF40F4A4943040E7E3DA50319648409A0AF148BC943040A03715A930964840A94D9CDCEF943040416326512F96484066A4DE53399530407EC9C6832D96484066A4DE5339953040AD4D637B2D964840E7ABE46377953040EAB303AE2B964840","Brno","Jihlavská","602","secondary",89.0,313.0,8.59,26.71675177344116,"heavy",80,"{""id"": 1178773380, ""city"": ""Brno"", ""line"": [{""x"": 16.579578, ""y"": 49.173431}, {""x"": 16.580642, ""y"": 49.17338}, {""x"": 16.580998, ""y"": 49.17336}, {""x"": 16.581785, ""y"": 49.173319}, {""x"": 16.582906, ""y"": 49.173264}, {""x"": 16.582906, ""y"": 49.173263}, {""x"": 16.583853, ""y"": 49.173208}], ""uuid"": 1178773380, ""_type"": ""jam"", ""delay"": 89, ""level"": 3, ""speed"": 2.386111111111111, ""length"": 313, ""street"": ""Jihlavská"", ""_source"": ""waze"", ""country"": ""EZ"", ""endNode"": ""Dlouhá"", ""roadType"": 7, ""segments"": [{""ID"": 90076579, ""toNode"": 151699792, ""fromNode"": 96733981, ""isForward"": true}, {""ID"": 142027990, ""toNode"": 151699793, ""fromNode"": 151699792, ""isForward"": true}, {""ID"": 145060923, ""toNode"": 153329659, ""fromNode"": 151699793, ""isForward"": false}, {""ID"": 145611346, ""toNode"": 151659324, ""fromNode"": 153329659, ""isForward"": false}, {""ID"": 101584788, ""toNode"": 52246925, ""fromNode"": 151659324, ""isForward"": true}], ""speedKMH"": 8.59, ""turnType"": ""NONE"", ""pubMillis"": 1775808588053, ""_fetchedAt"": ""2026-04-10T08:14:27.301601290Z""}",7964
51440,"{""waze"": ""1177560090""}","2026-04-10 07:49:53.608+00","2026-04-10 07:50:27.363166+00","2026-04-10 07:50:27.363166+00","2026-04-10 08:31:28.333525+00","0102000020E6100000080000000403081F4A9030400403081F4A964840DF1B4300709030404BAFCDC64A9648402D0ABB287A903040ECA694D74A964840A7B228ECA2903040C2DF2F664B96484055850662D9903040CE8DE9094B96484030F5F3A6229130409F3D97A94996484079EA9106B7913040DD0BCC0A45964840EBFEB1101D9230404FE78A5242964840","Brno","Jihlavská","602","secondary",95.0,520.0,13.3,40.91635168447001,"heavy",80,"{""id"": 1177560090, ""city"": ""Brno"", ""line"": [{""x"": 16.563631, ""y"": 49.174137}, {""x"": 16.564209, ""y"": 49.174157}, {""x"": 16.564364, ""y"": 49.174159}, {""x"": 16.564986, ""y"": 49.174176}, {""x"": 16.565817, ""y"": 49.174165}, {""x"": 16.566935, ""y"": 49.174123}, {""x"": 16.569199, ""y"": 49.173982}, {""x"": 16.570756, ""y"": 49.173899}], ""uuid"": 1177560090, ""_type"": ""jam"", ""delay"": 95, ""level"": 3, ""speed"": 3.6944444444444446, ""length"": 520, ""street"": ""Jihlavská"", ""_source"": ""waze"", ""country"": ""EZ"", ""endNode"": """", ""roadType"": 7, ""segments"": [{""ID"": 205262250, ""toNode"": 185116406, ""fromNode"": 96728320, ""isForward"": false}, {""ID"": 205262260, ""toNode"": 185116407, ""fromNode"": 185116406, ""isForward"": true}, {""ID"": 205262252, ""toNode"": 185116231, ""fromNode"": 185116407, ""isForward"": true}, {""ID"": 205261838, ""toNode"": 92813100, ""fromNode"": 185116231, ""isForward"": true}, {""ID"": 86290950, ""toNode"": 96728279, ""fromNode"": 92813100, ""isForward"": true}, {""ID"": 90067547, ""toNode"": 96733838, ""fromNode"": 96728279, ""isForward"": true}], ""speedKMH"": 13.3, ""turnType"": ""NONE"", ""pubMillis"": 1775807393608, ""_fetchedAt"": ""2026-04-10T08:31:27.238833760Z""}",8181
43764,"{""waze"": ""4e4eb750-e526-4a68-a127-73545e06a244""}","2026-04-10 05:53:03+00","2026-04-10 05:53:32.430803+00","2026-04-10 05:53:32.430803+00","2026-04-10 05:58:32.783776+00",NULL,"Brno","Jihlavská","602","secondary",NULL,NULL,NULL,NULL,"standstill",40,"{""city"": ""Brno"", ""type"": ""JAM"", ""uuid"": ""4e4eb750-e526-4a68-a127-73545e06a244"", ""_type"": ""alert"", ""magvar"": 274, ""street"": ""Jihlavská"", ""_source"": ""waze"", ""country"": ""EZ"", ""subtype"": ""JAM_STAND_STILL_TRAFFIC"", ""location"": {""x"": 16.584668, ""y"": 49.173165}, ""roadType"": 7, ""pubMillis"": 1775800383000, ""_fetchedAt"": ""2026-04-10T05:58:20.260919372Z"", ""confidence"": 0, ""reliability"": 5, ""reportRating"": 3, ""reportByMunicipalityUser"": ""false""}",7952
46778,"{""waze"": ""1170587262"", ""waze_alert"": [""e976fc06-470b-48c3-bfd4-75a2a3949581"", ""fdd6c3bb-d410-4328-8be4-fe89e353958b""]}","2026-04-10 06:15:09.005+00","2026-04-10 06:18:24.898257+00","2026-04-10 06:18:24.898257+00","2026-04-10 06:35:33.271521+00","0102000020E61000000A0000004774CFBA4697304032772D211F9648406F2EFEB627983040CF81E508199648403370404B57983040A13193A817964840344C6DA983983040F4BF5C8B16964840B20FB22C9898304019CA8976159648406495D233BD98304078D2C26515964840064CE0D6DD9830404E0B5EF4159648405C566133C09930409FC9FE791A9648405B0BB3D0CE9930405EDA70581A96484040DF162CD5993040E7A90EB919964840","Brno","Jihlavská","602","secondary",69.0,731.0,17.48,32.27009007492212,"heavy",100,"{""id"": 1170587262, ""city"": ""Brno"", ""line"": [{""x"": 16.590923, ""y"": 49.172825}, {""x"": 16.594356, ""y"": 49.172639}, {""x"": 16.595082, ""y"": 49.172597}, {""x"": 16.595759, ""y"": 49.172563}, {""x"": 16.596072, ""y"": 49.17253}, {""x"": 16.596637, ""y"": 49.172528}, {""x"": 16.597135, ""y"": 49.172545}, {""x"": 16.600589, ""y"": 49.172683}, {""x"": 16.600812, ""y"": 49.172679}, {""x"": 16.600909, ""y"": 49.17266}], ""uuid"": 1170587262, ""_type"": ""jam"", ""delay"": 69, ""level"": 3, ""speed"": 4.855555555555555, ""length"": 731, ""street"": ""Jihlavská"", ""_source"": ""waze"", ""country"": ""EZ"", ""endNode"": """", ""roadType"": 7, ""segments"": [{""ID"": 102861528, ""toNode"": 110126301, ""fromNode"": 110867904, ""isForward"": true}, {""ID"": 101585872, ""toNode"": 151703777, ""fromNode"": 110126301, ""isForward"": true}, {""ID"": 102086038, ""toNode"": 111701035, ""fromNode"": 151703777, ""isForward"": true}, {""ID"": 104241313, ""toNode"": 303454907, ""fromNode"": 111701035, ""isForward"": true}, {""ID"": 441177645, ""toNode"": 153329700, ""fromNode"": 303454907, ""isForward"": true}], ""speedKMH"": 17.48, ""turnType"": ""NONE"", ""pubMillis"": 1775801709005, ""_fetchedAt"": ""2026-04-10T06:24:21.247910133Z""}",6516
44303,"{""waze"": ""6ce2e67e-9d06-4ef5-ab39-99b82b4b3fa1""}","2026-04-10 05:56:22+00","2026-04-10 05:57:32.716015+00","2026-04-10 05:57:32.716015+00","2026-04-10 05:58:32.5529+00",NULL,"Brno","Jihlavská","602","secondary",NULL,NULL,NULL,NULL,"standstill",40,"{""city"": ""Brno"", ""type"": ""JAM"", ""uuid"": ""6ce2e67e-9d06-4ef5-ab39-99b82b4b3fa1"", ""_type"": ""alert"", ""magvar"": 94, ""street"": ""Jihlavská"", ""_source"": ""waze"", ""country"": ""EZ"", ""subtype"": ""JAM_STAND_STILL_TRAFFIC"", ""location"": {""x"": 16.581295, ""y"": 49.173345}, ""roadType"": 7, ""pubMillis"": 1775800582000, ""_fetchedAt"": ""2026-04-10T05:58:20.260919372Z"", ""confidence"": 0, ""reliability"": 5, ""reportRating"": 3, ""reportByMunicipalityUser"": ""false""}",7964
44429,"{""waze"": ""8ce21ed8-bde8-40c3-9f0a-e67839888304""}","2026-04-10 05:57:39+00","2026-04-10 05:58:32.623044+00","2026-04-10 05:58:32.623044+00","2026-04-10 05:58:32.623044+00",NULL,"Brno","Jihlavská","602","secondary",NULL,NULL,NULL,NULL,"heavy",40,"{""city"": ""Brno"", ""type"": ""JAM"", ""uuid"": ""8ce21ed8-bde8-40c3-9f0a-e67839888304"", ""_type"": ""alert"", ""magvar"": 94, ""street"": ""Jihlavská"", ""_source"": ""waze"", ""country"": ""EZ"", ""subtype"": ""JAM_HEAVY_TRAFFIC"", ""location"": {""x"": 16.582878, ""y"": 49.173265}, ""roadType"": 7, ""pubMillis"": 1775800659000, ""_fetchedAt"": ""2026-04-10T05:58:20.260919372Z"", ""confidence"": 0, ""reliability"": 5, ""reportRating"": 3, ""reportByMunicipalityUser"": ""false""}",7959
43676,"{""waze"": ""1168967568"", ""waze_alert"": [""38432ffc-fde0-4c83-9749-cd5585f0a083""]}","2026-04-10 05:52:57.241+00","2026-04-10 05:53:21.769805+00","2026-04-10 05:53:21.769805+00","2026-04-10 06:51:33.761435+00","0102000020E6100000070000007BF7C77BD5923040996379573D964840B77BB94F8E9230402D793C2D3F964840B77BB94F8E9230405DFDD8243F964840BC3FDEAB569230403EB0E3BF40964840EBFEB1101D9230404FE78A524296484079EA9106B7913040DD0BCC0A4596484030F5F3A6229130409F3D97A949964840","Brno","Jihlavská","602","secondary",74.0,485.0,13.89,33.77049043362019,"heavy",100,"{""jam"": {""id"": 1168967568, ""city"": ""Brno"", ""line"": [{""x"": 16.57357, ""y"": 49.173747}, {""x"": 16.572484, ""y"": 49.173803}, {""x"": 16.572484, ""y"": 49.173802}, {""x"": 16.571635, ""y"": 49.173851}, {""x"": 16.570756, ""y"": 49.173899}, {""x"": 16.569199, ""y"": 49.173982}, {""x"": 16.566935, ""y"": 49.174123}], ""uuid"": 1168967568, ""_type"": ""jam"", ""delay"": 74, ""level"": 3, ""speed"": 3.8583333333333334, ""length"": 485, ""street"": ""Jihlavská"", ""_source"": ""waze"", ""country"": ""EZ"", ""endNode"": ""» Popůvky"", ""roadType"": 7, ""segments"": [{""ID"": 149544235, ""toNode"": 96733829, ""fromNode"": 155335300, ""isForward"": false}, {""ID"": 90076396, ""toNode"": 96733850, ""fromNode"": 96733829, ""isForward"": false}, {""ID"": 90076380, ""toNode"": 96733838, ""fromNode"": 96733850, ""isForward"": false}, {""ID"": 90067547, ""toNode"": 96728279, ""fromNode"": 96733838, ""isForward"": false}, {""ID"": 86290950, ""toNode"": 92813100, ""fromNode"": 96728279, ""isForward"": false}], ""speedKMH"": 13.89, ""turnType"": ""NONE"", ""pubMillis"": 1775800377241, ""_fetchedAt"": ""2026-04-10T06:00:20.286069014Z""}, ""alerts"": [{""city"": ""Brno"", ""type"": ""JAM"", ""uuid"": ""38432ffc-fde0-4c83-9749-cd5585f0a083"", ""_type"": ""alert"", ""magvar"": 95, ""street"": ""Jihlavská"", ""_source"": ""waze"", ""country"": ""EZ"", ""subtype"": ""JAM_HEAVY_TRAFFIC"", ""location"": {""x"": 16.570529, ""y"": 49.173912}, ""roadType"": 7, ""pubMillis"": 1775802027000, ""_fetchedAt"": ""2026-04-10T06:21:22.262783840Z"", ""confidence"": 0, ""reliability"": 5, ""reportRating"": 3, ""reportByMunicipalityUser"": ""false""}]}",8131
44556,"{""waze"": ""1169416786"", ""waze_alert"": [""6ce2e67e-9d06-4ef5-ab39-99b82b4b3fa1"", ""8ce21ed8-bde8-40c3-9f0a-e67839888304""]}","2026-04-10 05:59:06.571+00","2026-04-10 05:59:25.837345+00","2026-04-10 05:59:25.837345+00","2026-04-10 06:31:33.203327+00","0102000020E6100000090000008BFED0CC9393304084D72E6D389648404DF564FED1933040022D5DC136964840297B4B395F943040698EACFC329648401DAF40F4A4943040E7E3DA50319648409A0AF148BC943040A03715A930964840A94D9CDCEF943040416326512F96484066A4DE53399530407EC9C6832D96484066A4DE5339953040AD4D637B2D964840E7ABE46377953040EAB303AE2B964840","Brno","Jihlavská","602","secondary",98.0,540.0,12.15,31.354838709677416,"heavy",100,"{""id"": 1169416786, ""city"": ""Brno"", ""line"": [{""x"": 16.576474, ""y"": 49.173597}, {""x"": 16.577423, ""y"": 49.173546}, {""x"": 16.579578, ""y"": 49.173431}, {""x"": 16.580642, ""y"": 49.17338}, {""x"": 16.580998, ""y"": 49.17336}, {""x"": 16.581785, ""y"": 49.173319}, {""x"": 16.582906, ""y"": 49.173264}, {""x"": 16.582906, ""y"": 49.173263}, {""x"": 16.583853, ""y"": 49.173208}], ""uuid"": 1169416786, ""_type"": ""jam"", ""delay"": 98, ""level"": 3, ""speed"": 3.375, ""length"": 540, ""street"": ""Jihlavská"", ""_source"": ""waze"", ""country"": ""EZ"", ""endNode"": ""Dlouhá"", ""roadType"": 7, ""segments"": [{""ID"": 290154835, ""toNode"": 96733981, ""fromNode"": 239428791, ""isForward"": true}, {""ID"": 90076579, ""toNode"": 151699792, ""fromNode"": 96733981, ""isForward"": true}, {""ID"": 142027990, ""toNode"": 151699793, ""fromNode"": 151699792, ""isForward"": true}, {""ID"": 145060923, ""toNode"": 153329659, ""fromNode"": 151699793, ""isForward"": false}, {""ID"": 145611346, ""toNode"": 151659324, ""fromNode"": 153329659, ""isForward"": false}, {""ID"": 101584788, ""toNode"": 52246925, ""fromNode"": 151659324, ""isForward"": true}], ""speedKMH"": 12.15, ""turnType"": ""NONE"", ""pubMillis"": 1775800746571, ""_fetchedAt"": ""2026-04-10T06:11:21.292952124Z""}",7964
49505,"{""waze"": ""1173456110"", ""waze_alert"": [""cd03026e-042a-4fe9-8a59-96949ad92911""]}","2026-04-10 06:47:19.844+00","2026-04-10 06:54:24.840377+00","2026-04-10 06:54:24.840377+00","2026-04-10 07:37:33.070496+00","0102000020E61000000A0000004774CFBA4697304032772D211F9648406F2EFEB627983040CF81E508199648403370404B57983040A13193A817964840344C6DA983983040F4BF5C8B16964840B20FB22C9898304019CA8976159648406495D233BD98304078D2C26515964840064CE0D6DD9830404E0B5EF4159648405C566133C09930409FC9FE791A9648405B0BB3D0CE9930405EDA70581A96484040DF162CD5993040E7A90EB919964840","Brno","Jihlavská","602","secondary",70.0,731.0,17.32,32.11620067643743,"heavy",100,"{""id"": 1173456110, ""city"": ""Brno"", ""line"": [{""x"": 16.590923, ""y"": 49.172825}, {""x"": 16.594356, ""y"": 49.172639}, {""x"": 16.595082, ""y"": 49.172597}, {""x"": 16.595759, ""y"": 49.172563}, {""x"": 16.596072, ""y"": 49.17253}, {""x"": 16.596637, ""y"": 49.172528}, {""x"": 16.597135, ""y"": 49.172545}, {""x"": 16.600589, ""y"": 49.172683}, {""x"": 16.600812, ""y"": 49.172679}, {""x"": 16.600909, ""y"": 49.17266}], ""uuid"": 1173456110, ""_type"": ""jam"", ""delay"": 70, ""level"": 3, ""speed"": 4.811111111111111, ""length"": 731, ""street"": ""Jihlavská"", ""_source"": ""waze"", ""country"": ""EZ"", ""endNode"": """", ""roadType"": 7, ""segments"": [{""ID"": 102861528, ""toNode"": 110126301, ""fromNode"": 110867904, ""isForward"": true}, {""ID"": 101585872, ""toNode"": 151703777, ""fromNode"": 110126301, ""isForward"": true}, {""ID"": 102086038, ""toNode"": 111701035, ""fromNode"": 151703777, ""isForward"": true}, {""ID"": 104241313, ""toNode"": 303454907, ""fromNode"": 111701035, ""isForward"": true}, {""ID"": 441177645, ""toNode"": 153329700, ""fromNode"": 303454907, ""isForward"": true}], ""speedKMH"": 17.32, ""turnType"": ""NONE"", ""pubMillis"": 1775803639844, ""_fetchedAt"": ""2026-04-10T07:34:26.261435116Z""}",6516
50868,"{""waze"": ""1176325960""}","2026-04-10 07:29:55.382+00","2026-04-10 07:30:26.909566+00","2026-04-10 07:30:26.909566+00","2026-04-10 07:48:26.977381+00","0102000020E6100000080000000403081F4A9030400403081F4A964840DF1B4300709030404BAFCDC64A9648402D0ABB287A903040ECA694D74A964840A7B228ECA2903040C2DF2F664B96484055850662D9903040CE8DE9094B96484030F5F3A6229130409F3D97A94996484079EA9106B7913040DD0BCC0A45964840EBFEB1101D9230404FE78A5242964840","Brno","Jihlavská","602","secondary",81.0,520.0,14.68,40.240379546652605,"heavy",80,"{""id"": 1176325960, ""city"": ""Brno"", ""line"": [{""x"": 16.563631, ""y"": 49.174137}, {""x"": 16.564209, ""y"": 49.174157}, {""x"": 16.564364, ""y"": 49.174159}, {""x"": 16.564986, ""y"": 49.174176}, {""x"": 16.565817, ""y"": 49.174165}, {""x"": 16.566935, ""y"": 49.174123}, {""x"": 16.569199, ""y"": 49.173982}, {""x"": 16.570756, ""y"": 49.173899}], ""uuid"": 1176325960, ""_type"": ""jam"", ""delay"": 81, ""level"": 3, ""speed"": 4.0777777777777775, ""length"": 520, ""street"": ""Jihlavská"", ""_source"": ""waze"", ""country"": ""EZ"", ""endNode"": """", ""roadType"": 7, ""segments"": [{""ID"": 205262250, ""toNode"": 185116406, ""fromNode"": 96728320, ""isForward"": false}, {""ID"": 205262260, ""toNode"": 185116407, ""fromNode"": 185116406, ""isForward"": true}, {""ID"": 205262252, ""toNode"": 185116231, ""fromNode"": 185116407, ""isForward"": true}, {""ID"": 205261838, ""toNode"": 92813100, ""fromNode"": 185116231, ""isForward"": true}, {""ID"": 86290950, ""toNode"": 96728279, ""fromNode"": 92813100, ""isForward"": true}, {""ID"": 90067547, ""toNode"": 96733838, ""fromNode"": 96728279, ""isForward"": true}], ""speedKMH"": 14.68, ""turnType"": ""NONE"", ""pubMillis"": 1775806195382, ""_fetchedAt"": ""2026-04-10T07:48:26.246300550Z""}",8181
71034,"{""waze"": ""1222175502"", ""waze_alert"": [""736afd5f-0b61-4aba-a9bd-f3090a5cec28"", ""f06eaf91-685e-47c1-a608-e5042a735007"", ""5b18f7df-1709-483d-a205-052d295ec827"", ""43234fef-1e04-488f-948c-6b6886658d2e"", ""21a33909-a58d-4315-b984-eb2fbfaa4eb2"", ""554bc3e3-bc84-463f-84cc-4894cb95f1b1"", ""02e07ab8-92fd-4619-9227-4269148db2fa"", ""28febf32-bd2e-4b92-8942-d4a63af36076"", ""aeac5ff7-6e79-4fdb-9718-6d5d8df2ad29""]}","2026-04-10 12:56:39.609+00","2026-04-10 12:57:41.854612+00","2026-04-10 12:57:41.854612+00","2026-04-10 13:52:43.067403+00","0102000020E61000000F0000003CC093162E7F3040A8FC6B79E59648403694DA8B687F3040639B5434D6964840A3772AE09E7F3040F92F1004C89648408FAA2688BA7F3040CDAFE600C19648404298DBBDDC7F3040494C50C3B7964840AEBCE47FF27F304033C005D9B29648403C32569BFF7F3040C4B46FEEAF9648403A048E041A8030403DB5FAEAAA96484040FB9122328030405D363AE7A796484048C2BE9D44803040C9207711A6964840268E3C1059803040CA54C1A8A4964840342F87DD77803040C4978922A4964840348639419B803040B22C98F8A3964840B62FA017EE8030408F56B5A4A3964840DBC4C9FD0E81304012691B7FA2964840","Troubsko","Jihlavská","602","secondary",100.0,605.0,14.9,47.168895348837225,"heavy",100,"{""id"": 1222175502, ""city"": ""Troubsko"", ""line"": [{""x"": 16.496797, ""y"": 49.178878}, {""x"": 16.497689, ""y"": 49.178412}, {""x"": 16.498518, ""y"": 49.177979}, {""x"": 16.49894, ""y"": 49.177765}, {""x"": 16.499462, ""y"": 49.177483}, {""x"": 16.499794, ""y"": 49.177333}, {""x"": 16.499994, ""y"": 49.177244}, {""x"": 16.500397, ""y"": 49.177091}, {""x"": 16.500765, ""y"": 49.176999}, {""x"": 16.501047, ""y"": 49.176943}, {""x"": 16.501359, ""y"": 49.1769}, {""x"": 16.501829, ""y"": 49.176884}, {""x"": 16.502369, ""y"": 49.176879}, {""x"": 16.503633, ""y"": 49.176869}, {""x"": 16.504135, ""y"": 49.176834}], ""uuid"": 1222175502, ""_type"": ""jam"", ""delay"": 100, ""level"": 3, ""speed"": 4.138888888888889, ""length"": 605, ""street"": ""Jihlavská"", ""_source"": ""waze"", ""country"": ""EZ"", ""endNode"": """", ""roadType"": 7, ""segments"": [{""ID"": 383757443, ""toNode"": 299163393, ""fromNode"": 110586900, ""isForward"": true}, {""ID"": 383757444, ""toNode"": 171575301, ""fromNode"": 299163393, ""isForward"": true}, {""ID"": 283291774, ""toNode"": 234238961, ""fromNode"": 171575301, ""isForward"": true}, {""ID"": 416526087, ""toNode"": 320668507, ""fromNode"": 234238961, ""isForward"": true}, {""ID"": 416526088, ""toNode"": 308678634, ""fromNode"": 320668507, ""isForward"": true}, {""ID"": 398283697, ""toNode"": 299163870, ""fromNode"": 308678634, ""isForward"": true}, {""ID"": 383758170, ""toNode"": 252793393, ""fromNode"": 299163870, ""isForward"": true}, {""ID"": 383758050, ""toNode"": 299163789, ""fromNode"": 252793393, ""isForward"": true}, {""ID"": 383758051, ""toNode"": 297644935, ""fromNode"": 299163789, ""isForward"": true}, {""ID"": 381462790, ""toNode"": 285880535, ""fromNode"": 297644935, ""isForward"": true}, {""ID"": 363254740, ""toNode"": 232577668, ""fromNode"": 285880535, ""isForward"": true}], ""speedKMH"": 14.9, ""turnType"": ""NONE"", ""pubMillis"": 1775825799609, ""_fetchedAt"": ""2026-04-10T13:52:40.301651457Z""}",9210
62662,"{""waze"": ""1194972580"", ""waze_alert"": [""2e0e2692-0e9f-4594-9216-b896f5c02f80"", ""82998994-9968-476f-9c45-b9f3ad601387"", ""523b2194-b83c-45ad-a265-6c44d50de500""]}","2026-04-10 10:42:55.124+00","2026-04-10 10:43:35.827029+00","2026-04-10 10:43:35.827029+00","2026-04-10 11:11:42.640535+00","0102000020E610000011000000E7FEEA71DF8A3040810706103E964840DC48D922698B304049D9226937964840EDB776A2248C30408F006E162F9648409F3D97A9498C304060B01BB62D964840573F36C98F8C3040A2D3F36E2C96484038DBDC989E8C304001DC2C5E2C9648404C1C7920B28C3040724F57772C964840A41CCC26C08C304001DC2C5E2C9648403E22A644128D3040FAB660A92E96484013D55B035B8D3040E126A3CA30964840E415889E948D30405166834C329648409B92ACC3D18D30401BBD1AA034964840855D143DF08D304097AAB4C5359648409886E123628E304000C5C892399648401B13622EA98E3040DB8651103C96484053E9279CDD8E3040B18BA2073E9648409301A08A1B8F30402788BA0F40964840","Brno","Jihlavská","602","secondary",91.0,1212.0,25.73,55.528144150917264,"moderate",100,"{""jam"": {""id"": 1194972580, ""city"": ""Brno"", ""line"": [{""x"": 16.542472, ""y"": 49.173769}, {""x"": 16.544573, ""y"": 49.173566}, {""x"": 16.547434, ""y"": 49.173312}, {""x"": 16.547999, ""y"": 49.17327}, {""x"": 16.549069, ""y"": 49.173231}, {""x"": 16.549295, ""y"": 49.173229}, {""x"": 16.549593, ""y"": 49.173232}, {""x"": 16.549807, ""y"": 49.173229}, {""x"": 16.55106, ""y"": 49.173299}, {""x"": 16.55217, ""y"": 49.173364}, {""x"": 16.553049, ""y"": 49.17341}, {""x"": 16.553982, ""y"": 49.173481}, {""x"": 16.554447, ""y"": 49.173516}, {""x"": 16.556185, ""y"": 49.173632}, {""x"": 16.557269, ""y"": 49.173708}, {""x"": 16.558069, ""y"": 49.173768}, {""x"": 16.559014, ""y"": 49.17383}], ""uuid"": 1194972580, ""_type"": ""jam"", ""delay"": 91, ""level"": 2, ""speed"": 7.147222222222222, ""length"": 1212, ""street"": ""Jihlavská"", ""_source"": ""waze"", ""country"": ""EZ"", ""endNode"": ""» Bohunice"", ""roadType"": 7, ""segments"": [{""ID"": 253574101, ""toNode"": 214348282, ""fromNode"": 210855475, ""isForward"": true}, {""ID"": 253574265, ""toNode"": 214348364, ""fromNode"": 214348282, ""isForward"": true}, {""ID"": 253574267, ""toNode"": 210855495, ""fromNode"": 214348364, ""isForward"": true}, {""ID"": 247976341, ""toNode"": 173753642, ""fromNode"": 210855495, ""isForward"": true}, {""ID"": 285680847, ""toNode"": 235708176, ""fromNode"": 173753642, ""isForward"": false}, {""ID"": 285680846, ""toNode"": 207223754, ""fromNode"": 235708176, ""isForward"": false}, {""ID"": 305365576, ""toNode"": 249178994, ""fromNode"": 207223754, ""isForward"": false}, {""ID"": 305365575, ""toNode"": 148564790, ""fromNode"": 249178994, ""isForward"": false}, {""ID"": 285680855, ""toNode"": 235708181, ""fromNode"": 148564790, ""isForward"": true}, {""ID"": 285680856, ""toNode"": 154091533, ""fromNode"": 235708181, ""isForward"": true}, {""ID"": 285680849, ""toNode"": 235708177, ""fromNode"": 154091533, ""isForward"": true}, {""ID"": 141023934, ""toNode"": 151015806, ""fromNode"": 235708177, ""isForward"": false}, {""ID"": 84016602, ""toNode"": 91330822, ""fromNode"": 151015806, ""isForward"": false}, {""ID"": 84216256, ""toNode"": 91418120, ""fromNode"": 91330822, ""isForward"": false}], ""speedKMH"": 25.73, ""turnType"": ""NONE"", ""pubMillis"": 1775817775124, ""_fetchedAt"": ""2026-04-10T11:04:34.264746477Z""}, ""alerts"": [{""city"": ""Brno"", ""type"": ""JAM"", ""uuid"": ""523b2194-b83c-45ad-a265-6c44d50de500"", ""_type"": ""alert"", ""magvar"": 279, ""street"": ""» Popůvky / Bosonohy / Bohunice"", ""_source"": ""waze"", ""country"": ""EZ"", ""subtype"": ""JAM_HEAVY_TRAFFIC"", ""location"": {""x"": 16.559156, ""y"": 49.172762}, ""roadType"": 4, ""pubMillis"": 1775819082000, ""_fetchedAt"": ""2026-04-10T11:05:34.277660756Z"", ""confidence"": 0, ""reliability"": 5, ""reportRating"": 2, ""reportByMunicipalityUser"": ""false""}]}",8588
55115,"{""waze"": ""bdbe86fd-203e-41f8-946d-eadb338cd577""}","2026-04-10 10:05:17+00","2026-04-10 10:05:39.056844+00","2026-04-10 10:05:39.056844+00","2026-04-10 10:22:43.125414+00",NULL,"Brno","Jihlavská","602","secondary",NULL,NULL,NULL,NULL,"heavy",40,"{""city"": ""Brno"", ""type"": ""JAM"", ""uuid"": ""bdbe86fd-203e-41f8-946d-eadb338cd577"", ""_type"": ""alert"", ""magvar"": 267, ""street"": ""Jihlavská"", ""_source"": ""waze"", ""country"": ""EZ"", ""subtype"": ""JAM_HEAVY_TRAFFIC"", ""location"": {""x"": 16.598693, ""y"": 49.172711}, ""roadType"": 7, ""pubMillis"": 1775815517000, ""_fetchedAt"": ""2026-04-10T10:22:33.250249898Z"", ""confidence"": 0, ""reliability"": 5, ""reportRating"": 4, ""reportByMunicipalityUser"": ""false""}",6526
61885,"{""waze"": ""1191611576"", ""waze_alert"": [""7c5da583-c626-49e6-ba30-1b8104876afa""]}","2026-04-10 10:22:56.094+00","2026-04-10 10:23:35.593124+00","2026-04-10 10:23:35.593124+00","2026-04-10 10:57:36.701052+00","0102000020E61000000F0000003CC093162E7F3040A8FC6B79E59648403694DA8B687F3040639B5434D6964840A3772AE09E7F3040F92F1004C89648408FAA2688BA7F3040CDAFE600C19648404298DBBDDC7F3040494C50C3B7964840AEBCE47FF27F304033C005D9B29648403C32569BFF7F3040C4B46FEEAF9648403A048E041A8030403DB5FAEAAA96484040FB9122328030405D363AE7A796484048C2BE9D44803040C9207711A6964840268E3C1059803040CA54C1A8A4964840342F87DD77803040C4978922A4964840348639419B803040B22C98F8A3964840B62FA017EE8030408F56B5A4A3964840DBC4C9FD0E81304012691B7FA2964840","Troubsko","Jihlavská","602","secondary",83.0,605.0,16.79,46.61807936973344,"heavy",100,"{""id"": 1191611576, ""city"": ""Troubsko"", ""line"": [{""x"": 16.496797, ""y"": 49.178878}, {""x"": 16.497689, ""y"": 49.178412}, {""x"": 16.498518, ""y"": 49.177979}, {""x"": 16.49894, ""y"": 49.177765}, {""x"": 16.499462, ""y"": 49.177483}, {""x"": 16.499794, ""y"": 49.177333}, {""x"": 16.499994, ""y"": 49.177244}, {""x"": 16.500397, ""y"": 49.177091}, {""x"": 16.500765, ""y"": 49.176999}, {""x"": 16.501047, ""y"": 49.176943}, {""x"": 16.501359, ""y"": 49.1769}, {""x"": 16.501829, ""y"": 49.176884}, {""x"": 16.502369, ""y"": 49.176879}, {""x"": 16.503633, ""y"": 49.176869}, {""x"": 16.504135, ""y"": 49.176834}], ""uuid"": 1191611576, ""_type"": ""jam"", ""delay"": 83, ""level"": 3, ""speed"": 4.663888888888889, ""length"": 605, ""street"": ""Jihlavská"", ""_source"": ""waze"", ""country"": ""EZ"", ""endNode"": """", ""roadType"": 7, ""segments"": [{""ID"": 383757443, ""toNode"": 299163393, ""fromNode"": 110586900, ""isForward"": true}, {""ID"": 383757444, ""toNode"": 171575301, ""fromNode"": 299163393, ""isForward"": true}, {""ID"": 283291774, ""toNode"": 234238961, ""fromNode"": 171575301, ""isForward"": true}, {""ID"": 416526087, ""toNode"": 320668507, ""fromNode"": 234238961, ""isForward"": true}, {""ID"": 416526088, ""toNode"": 308678634, ""fromNode"": 320668507, ""isForward"": true}, {""ID"": 398283697, ""toNode"": 299163870, ""fromNode"": 308678634, ""isForward"": true}, {""ID"": 383758170, ""toNode"": 252793393, ""fromNode"": 299163870, ""isForward"": true}, {""ID"": 383758050, ""toNode"": 299163789, ""fromNode"": 252793393, ""isForward"": true}, {""ID"": 383758051, ""toNode"": 297644935, ""fromNode"": 299163789, ""isForward"": true}, {""ID"": 381462790, ""toNode"": 285880535, ""fromNode"": 297644935, ""isForward"": true}, {""ID"": 363254740, ""toNode"": 232577668, ""fromNode"": 285880535, ""isForward"": true}], ""speedKMH"": 16.79, ""turnType"": ""NONE"", ""pubMillis"": 1775816576094, ""_fetchedAt"": ""2026-04-10T10:57:34.245164877Z""}",9210
87292,"{""waze"": ""c8b60f96-2bee-430f-b432-af52dfaad9fc"", ""waze_alert"": [""8ddd9263-cccc-4c7a-9046-33ad17043765""]}","2026-04-11 07:25:17+00","2026-04-11 07:25:48.663817+00","2026-04-11 07:25:48.663817+00","2026-04-11 07:30:48.316901+00",NULL,"Troubsko","Jihlavská","602","secondary",NULL,NULL,NULL,NULL,"standstill",100,"{""city"": ""Troubsko"", ""type"": ""JAM"", ""uuid"": ""c8b60f96-2bee-430f-b432-af52dfaad9fc"", ""_type"": ""alert"", ""magvar"": 115, ""street"": ""Jihlavská"", ""_source"": ""waze"", ""country"": ""EZ"", ""subtype"": ""JAM_STAND_STILL_TRAFFIC"", ""location"": {""x"": 16.500335, ""y"": 49.177136}, ""roadType"": 7, ""pubMillis"": 1775892317000, ""_fetchedAt"": ""2026-04-11T07:30:40.229295609Z"", ""confidence"": 0, ""reliability"": 5, ""reportRating"": 1, ""reportByMunicipalityUser"": ""false""}",9210
61979,"{""waze"": ""1192009264""}","2026-04-10 10:26:13.363+00","2026-04-10 10:26:33.784003+00","2026-04-10 10:26:33.784003+00","2026-04-10 10:31:33.941397+00","0102000020E610000003000000AA2A3410CB96304006483481229648405B28999CDA9530402D0B26FE28964840E7ABE46377953040EAB303AE2B964840","Brno","Jihlavská","602","secondary",83.0,379.0,10.59,29.765354428032882,"heavy",80,"{""id"": 1192009264, ""city"": ""Brno"", ""line"": [{""x"": 16.589036, ""y"": 49.172928}, {""x"": 16.585367, ""y"": 49.173126}, {""x"": 16.583853, ""y"": 49.173208}], ""uuid"": 1192009264, ""_type"": ""jam"", ""delay"": 83, ""level"": 3, ""speed"": 2.941666666666667, ""length"": 379, ""street"": ""Jihlavská"", ""_source"": ""waze"", ""country"": ""EZ"", ""endNode"": ""Dlouhá"", ""roadType"": 7, ""segments"": [{""ID"": 309974246, ""toNode"": 251306715, ""fromNode"": 252029889, ""isForward"": false}, {""ID"": 308655556, ""toNode"": 52246925, ""fromNode"": 251306715, ""isForward"": false}], ""speedKMH"": 10.59, ""turnType"": ""NONE"", ""pubMillis"": 1775816773363, ""_fetchedAt"": ""2026-04-10T10:31:33.302561408Z""}",7935
55043,"{""waze"": ""1188671702"", ""waze_alert"": [""43a7c356-8a99-4abd-95e4-01fb51ca1197"", ""8f71e01f-3246-42cd-9187-7a527c8d6b05""]}","2026-04-10 10:03:02.817+00","2026-04-10 10:03:33.949712+00","2026-04-10 10:03:33.949712+00","2026-04-10 10:31:37.064743+00","0102000020E6100000080000000403081F4A9030400403081F4A964840DF1B4300709030404BAFCDC64A9648402D0ABB287A903040ECA694D74A964840A7B228ECA2903040C2DF2F664B96484055850662D9903040CE8DE9094B96484030F5F3A6229130409F3D97A94996484079EA9106B7913040DD0BCC0A45964840EBFEB1101D9230404FE78A5242964840","Brno","Jihlavská","602","secondary",117.0,520.0,11.47,40.5121412803532,"heavy",100,"{""id"": 1188671702, ""city"": ""Brno"", ""line"": [{""x"": 16.563631, ""y"": 49.174137}, {""x"": 16.564209, ""y"": 49.174157}, {""x"": 16.564364, ""y"": 49.174159}, {""x"": 16.564986, ""y"": 49.174176}, {""x"": 16.565817, ""y"": 49.174165}, {""x"": 16.566935, ""y"": 49.174123}, {""x"": 16.569199, ""y"": 49.173982}, {""x"": 16.570756, ""y"": 49.173899}], ""uuid"": 1188671702, ""_type"": ""jam"", ""delay"": 117, ""level"": 3, ""speed"": 3.186111111111111, ""length"": 520, ""street"": ""Jihlavská"", ""_source"": ""waze"", ""country"": ""EZ"", ""endNode"": """", ""roadType"": 7, ""segments"": [{""ID"": 205262250, ""toNode"": 185116406, ""fromNode"": 96728320, ""isForward"": false}, {""ID"": 205262260, ""toNode"": 185116407, ""fromNode"": 185116406, ""isForward"": true}, {""ID"": 205262252, ""toNode"": 185116231, ""fromNode"": 185116407, ""isForward"": true}, {""ID"": 205261838, ""toNode"": 92813100, ""fromNode"": 185116231, ""isForward"": true}, {""ID"": 86290950, ""toNode"": 96728279, ""fromNode"": 92813100, ""isForward"": true}, {""ID"": 90067547, ""toNode"": 96733838, ""fromNode"": 96728279, ""isForward"": true}], ""speedKMH"": 11.47, ""turnType"": ""NONE"", ""pubMillis"": 1775815382817, ""_fetchedAt"": ""2026-04-10T10:31:33.302561408Z""}",8181
84582,"{""waze"": ""1281103674""}","2026-04-10 16:49:22.536+00","2026-04-10 16:49:48.145082+00","2026-04-10 16:49:48.145082+00","2026-04-10 17:15:48.222384+00","0102000020E6100000090000000403081F4A9030400403081F4A964840DF1B4300709030404BAFCDC64A9648402D0ABB287A903040ECA694D74A964840A7B228ECA2903040C2DF2F664B96484055850662D9903040CE8DE9094B96484030F5F3A6229130409F3D97A94996484079EA9106B7913040DD0BCC0A45964840EBFEB1101D9230404FE78A5242964840BC3FDEAB569230403EB0E3BF40964840","Brno","Jihlavská","602","secondary",85.0,584.0,14.58,35.514994786235654,"heavy",80,"{""id"": 1281103674, ""city"": ""Brno"", ""line"": [{""x"": 16.563631, ""y"": 49.174137}, {""x"": 16.564209, ""y"": 49.174157}, {""x"": 16.564364, ""y"": 49.174159}, {""x"": 16.564986, ""y"": 49.174176}, {""x"": 16.565817, ""y"": 49.174165}, {""x"": 16.566935, ""y"": 49.174123}, {""x"": 16.569199, ""y"": 49.173982}, {""x"": 16.570756, ""y"": 49.173899}, {""x"": 16.571635, ""y"": 49.173851}], ""uuid"": 1281103674, ""_type"": ""jam"", ""delay"": 85, ""level"": 3, ""speed"": 4.05, ""length"": 584, ""street"": ""Jihlavská"", ""_source"": ""waze"", ""country"": ""EZ"", ""endNode"": ""Osová"", ""roadType"": 7, ""segments"": [{""ID"": 205262250, ""toNode"": 185116406, ""fromNode"": 96728320, ""isForward"": false}, {""ID"": 205262260, ""toNode"": 185116407, ""fromNode"": 185116406, ""isForward"": true}, {""ID"": 205262252, ""toNode"": 185116231, ""fromNode"": 185116407, ""isForward"": true}, {""ID"": 205261838, ""toNode"": 92813100, ""fromNode"": 185116231, ""isForward"": true}, {""ID"": 86290950, ""toNode"": 96728279, ""fromNode"": 92813100, ""isForward"": true}, {""ID"": 90067547, ""toNode"": 96733838, ""fromNode"": 96728279, ""isForward"": true}, {""ID"": 90076380, ""toNode"": 96733850, ""fromNode"": 96733838, ""isForward"": true}], ""speedKMH"": 14.58, ""turnType"": ""NONE"", ""pubMillis"": 1775839762536, ""_fetchedAt"": ""2026-04-10T17:15:46.262355018Z""}",8181
72242,"{""waze"": ""1224829546"", ""waze_alert"": [""1f0a8d90-4297-4089-9b8a-c9b04bbcedee"", ""bc3a0937-43d2-496b-bcf1-da717975f1a0"", ""bb1493fa-c2bc-4acd-87a7-c75ad9bb98a3"", ""f3a68cad-c57f-4c2e-a756-6e74483f9a5b""]}","2026-04-10 13:09:33.686+00","2026-04-10 13:09:41.897989+00","2026-04-10 13:09:41.897989+00","2026-04-10 14:45:46.389844+00","0102000020E610000003000000AA2A3410CB96304006483481229648405B28999CDA9530402D0B26FE28964840E7ABE46377953040EAB303AE2B964840","Brno","Jihlavská","602","secondary",88.0,379.0,10.21,29.898961195054955,"heavy",100,"{""id"": 1224829546, ""city"": ""Brno"", ""line"": [{""x"": 16.589036, ""y"": 49.172928}, {""x"": 16.585367, ""y"": 49.173126}, {""x"": 16.583853, ""y"": 49.173208}], ""uuid"": 1224829546, ""_type"": ""jam"", ""delay"": 88, ""level"": 3, ""speed"": 2.8361111111111112, ""length"": 379, ""street"": ""Jihlavská"", ""_source"": ""waze"", ""country"": ""EZ"", ""endNode"": ""Dlouhá"", ""roadType"": 7, ""segments"": [{""ID"": 309974246, ""toNode"": 251306715, ""fromNode"": 252029889, ""isForward"": false}, {""ID"": 308655556, ""toNode"": 52246925, ""fromNode"": 251306715, ""isForward"": false}], ""speedKMH"": 10.21, ""turnType"": ""NONE"", ""pubMillis"": 1775826573686, ""_fetchedAt"": ""2026-04-10T14:45:44.267923163Z""}",7935
62612,"{""waze"": ""82998994-9968-476f-9c45-b9f3ad601387""}","2026-04-10 10:40:44+00","2026-04-10 10:41:44.526572+00","2026-04-10 10:41:44.526572+00","2026-04-10 10:42:44.354554+00",NULL,"Brno","Jihlavská","602","secondary",NULL,NULL,NULL,NULL,"moderate",40,"{""city"": ""Brno"", ""type"": ""JAM"", ""uuid"": ""82998994-9968-476f-9c45-b9f3ad601387"", ""_type"": ""alert"", ""magvar"": 97, ""street"": ""Jihlavská"", ""_source"": ""waze"", ""country"": ""EZ"", ""subtype"": """", ""location"": {""x"": 16.547217, ""y"": 49.173332}, ""roadType"": 7, ""pubMillis"": 1775817644000, ""_fetchedAt"": ""2026-04-10T10:42:34.259700037Z"", ""confidence"": 0, ""reliability"": 5, ""reportRating"": 2, ""reportByMunicipalityUser"": ""false""}",8527
75334,"{""waze"": ""c0c422e8-06fa-4b94-9a56-a227fa8b40c4""}","2026-04-10 13:34:57+00","2026-04-10 13:35:52.512375+00","2026-04-10 13:35:52.512375+00","2026-04-10 14:01:53.332856+00",NULL,"Brno","Jihlavská","602","secondary",NULL,NULL,NULL,NULL,"standstill",40,"{""city"": ""Brno"", ""type"": ""JAM"", ""uuid"": ""c0c422e8-06fa-4b94-9a56-a227fa8b40c4"", ""_type"": ""alert"", ""magvar"": 94, ""street"": ""Jihlavská"", ""_source"": ""waze"", ""country"": ""EZ"", ""subtype"": ""JAM_STAND_STILL_TRAFFIC"", ""location"": {""x"": 16.578536, ""y"": 49.173487}, ""roadType"": 7, ""pubMillis"": 1775828097000, ""_fetchedAt"": ""2026-04-10T14:01:40.327492682Z"", ""confidence"": 0, ""reliability"": 5, ""reportRating"": 3, ""reportByMunicipalityUser"": ""false""}",7983
63649,"{""waze"": ""1198546698"", ""waze_alert"": [""0f60d045-2978-4d31-9f48-f3f9a5716861""]}","2026-04-10 11:02:35.242+00","2026-04-10 11:03:34.471892+00","2026-04-10 11:03:34.471892+00","2026-04-10 12:30:49.173592+00","0102000020E6100000070000008BFED0CC9393304084D72E6D389648404DF564FED1933040022D5DC136964840297B4B395F943040698EACFC329648401DAF40F4A4943040E7E3DA50319648409A0AF148BC943040A03715A930964840A94D9CDCEF943040416326512F96484066A4DE53399530407EC9C6832D964840","Brno","Jihlavská","602","secondary",121.0,471.0,10.02,35.16269713150378,"heavy",100,"{""id"": 1198546698, ""city"": ""Brno"", ""line"": [{""x"": 16.576474, ""y"": 49.173597}, {""x"": 16.577423, ""y"": 49.173546}, {""x"": 16.579578, ""y"": 49.173431}, {""x"": 16.580642, ""y"": 49.17338}, {""x"": 16.580998, ""y"": 49.17336}, {""x"": 16.581785, ""y"": 49.173319}, {""x"": 16.582906, ""y"": 49.173264}], ""uuid"": 1198546698, ""_type"": ""jam"", ""delay"": 121, ""level"": 3, ""speed"": 2.783333333333333, ""length"": 471, ""street"": ""Jihlavská"", ""_source"": ""waze"", ""country"": ""EZ"", ""endNode"": ""Dlouhá"", ""roadType"": 7, ""segments"": [{""ID"": 290154835, ""toNode"": 96733981, ""fromNode"": 239428791, ""isForward"": true}, {""ID"": 90076579, ""toNode"": 151699792, ""fromNode"": 96733981, ""isForward"": true}, {""ID"": 142027990, ""toNode"": 151699793, ""fromNode"": 151699792, ""isForward"": true}, {""ID"": 145060923, ""toNode"": 153329659, ""fromNode"": 151699793, ""isForward"": false}, {""ID"": 145611346, ""toNode"": 151659324, ""fromNode"": 153329659, ""isForward"": false}], ""speedKMH"": 10.02, ""turnType"": ""NONE"", ""pubMillis"": 1775818955242, ""_fetchedAt"": ""2026-04-10T11:20:34.430114590Z""}",7966
72283,"{""waze"": ""1224679248"", ""waze_alert"": [""38b4225e-cd6c-4a53-a04e-d64c09b35783"", ""6613950d-1b31-44bd-8386-c85abd528bcb"", ""69b88c50-da54-41ac-9f14-2cad1b4fc8c2"", ""b3fc83e4-6756-475b-a648-0322de8f6fdf"", ""b04dca10-3e44-467a-b0f0-f133aeace842"", ""ed5ea693-29a3-4df5-897d-35defa84bdbb"", ""dfd83aca-aaba-4a63-bcc1-c90973885516""]}","2026-04-10 13:09:33.55+00","2026-04-10 13:09:44.716407+00","2026-04-10 13:09:44.716407+00","2026-04-10 13:50:45.241369+00","0102000020E610000010000000855D143DF08D304097AAB4C5359648409886E123628E304000C5C892399648401B13622EA98E3040DB8651103C96484053E9279CDD8E3040B18BA2073E9648409301A08A1B8F30402788BA0F40964840AD8905BEA28F3040965F06634496484053094FE8F58F304035EF3845479648400057B2632390304076AA7CCF489648400403081F4A9030400403081F4A964840DF1B4300709030404BAFCDC64A9648402D0ABB287A903040ECA694D74A964840A7B228ECA2903040C2DF2F664B96484055850662D9903040CE8DE9094B96484030F5F3A6229130409F3D97A94996484079EA9106B7913040DD0BCC0A45964840EBFEB1101D9230404FE78A5242964840","Brno","Jihlavská","602","secondary",777.0,1193.0,4.94,46.48418561850928,"standstill",100,"{""id"": 1224679248, ""city"": ""Brno"", ""line"": [{""x"": 16.554447, ""y"": 49.173516}, {""x"": 16.556185, ""y"": 49.173632}, {""x"": 16.557269, ""y"": 49.173708}, {""x"": 16.558069, ""y"": 49.173768}, {""x"": 16.559014, ""y"": 49.17383}, {""x"": 16.561077, ""y"": 49.173962}, {""x"": 16.562346, ""y"": 49.17405}, {""x"": 16.56304, ""y"": 49.174097}, {""x"": 16.563631, ""y"": 49.174137}, {""x"": 16.564209, ""y"": 49.174157}, {""x"": 16.564364, ""y"": 49.174159}, {""x"": 16.564986, ""y"": 49.174176}, {""x"": 16.565817, ""y"": 49.174165}, {""x"": 16.566935, ""y"": 49.174123}, {""x"": 16.569199, ""y"": 49.173982}, {""x"": 16.570756, ""y"": 49.173899}], ""uuid"": 1224679248, ""_type"": ""jam"", ""delay"": 777, ""level"": 4, ""speed"": 1.3722222222222222, ""length"": 1193, ""street"": ""Jihlavská"", ""_source"": ""waze"", ""country"": ""EZ"", ""endNode"": """", ""roadType"": 7, ""segments"": [{""ID"": 285680849, ""toNode"": 235708177, ""fromNode"": 154091533, ""isForward"": true}, {""ID"": 141023934, ""toNode"": 151015806, ""fromNode"": 235708177, ""isForward"": false}, {""ID"": 84016602, ""toNode"": 91330822, ""fromNode"": 151015806, ""isForward"": false}, {""ID"": 84216256, ""toNode"": 91418120, ""fromNode"": 91330822, ""isForward"": false}, {""ID"": 182727379, ""toNode"": 151015951, ""fromNode"": 91418120, ""isForward"": false}, {""ID"": 297990221, ""toNode"": 244428537, ""fromNode"": 151015951, ""isForward"": true}, {""ID"": 297990218, ""toNode"": 218935082, ""fromNode"": 244428537, ""isForward"": true}, {""ID"": 260619539, ""toNode"": 96728320, ""fromNode"": 218935082, ""isForward"": true}, {""ID"": 205262250, ""toNode"": 185116406, ""fromNode"": 96728320, ""isForward"": false}, {""ID"": 205262260, ""toNode"": 185116407, ""fromNode"": 185116406, ""isForward"": true}, {""ID"": 205262252, ""toNode"": 185116231, ""fromNode"": 185116407, ""isForward"": true}, {""ID"": 205261838, ""toNode"": 92813100, ""fromNode"": 185116231, ""isForward"": true}, {""ID"": 86290950, ""toNode"": 96728279, ""fromNode"": 92813100, ""isForward"": true}, {""ID"": 90067547, ""toNode"": 96733838, ""fromNode"": 96728279, ""isForward"": true}], ""speedKMH"": 4.94, ""turnType"": ""NONE"", ""pubMillis"": 1775826573550, ""_fetchedAt"": ""2026-04-10T13:50:40.304301545Z""}",8197
66554,"{""waze"": ""1210912546"", ""waze_alert"": [""704ba218-68c7-4914-b084-c0acbdd95bd2"", ""234f0615-412f-40fe-9965-3b34f1ed6949""]}","2026-04-10 12:04:58.563+00","2026-04-10 12:05:40.932794+00","2026-04-10 12:05:40.932794+00","2026-04-10 12:40:49.29755+00","0102000020E6100000090000008BFED0CC9393304084D72E6D389648404DF564FED1933040022D5DC136964840297B4B395F943040698EACFC329648401DAF40F4A4943040E7E3DA50319648409A0AF148BC943040A03715A930964840A94D9CDCEF943040416326512F96484066A4DE53399530407EC9C6832D96484066A4DE5339953040AD4D637B2D964840E7ABE46377953040EAB303AE2B964840","Brno","Jihlavská","602","secondary",117.0,540.0,10.85,31.268845897264846,"heavy",100,"{""id"": 1210912546, ""city"": ""Brno"", ""line"": [{""x"": 16.576474, ""y"": 49.173597}, {""x"": 16.577423, ""y"": 49.173546}, {""x"": 16.579578, ""y"": 49.173431}, {""x"": 16.580642, ""y"": 49.17338}, {""x"": 16.580998, ""y"": 49.17336}, {""x"": 16.581785, ""y"": 49.173319}, {""x"": 16.582906, ""y"": 49.173264}, {""x"": 16.582906, ""y"": 49.173263}, {""x"": 16.583853, ""y"": 49.173208}], ""uuid"": 1210912546, ""_type"": ""jam"", ""delay"": 117, ""level"": 3, ""speed"": 3.013888888888889, ""length"": 540, ""street"": ""Jihlavská"", ""_source"": ""waze"", ""country"": ""EZ"", ""endNode"": ""Dlouhá"", ""roadType"": 7, ""segments"": [{""ID"": 290154835, ""toNode"": 96733981, ""fromNode"": 239428791, ""isForward"": true}, {""ID"": 90076579, ""toNode"": 151699792, ""fromNode"": 96733981, ""isForward"": true}, {""ID"": 142027990, ""toNode"": 151699793, ""fromNode"": 151699792, ""isForward"": true}, {""ID"": 145060923, ""toNode"": 153329659, ""fromNode"": 151699793, ""isForward"": false}, {""ID"": 145611346, ""toNode"": 151659324, ""fromNode"": 153329659, ""isForward"": false}, {""ID"": 101584788, ""toNode"": 52246925, ""fromNode"": 151659324, ""isForward"": true}], ""speedKMH"": 10.85, ""turnType"": ""NONE"", ""pubMillis"": 1775822698563, ""_fetchedAt"": ""2026-04-10T12:33:37.330011599Z""}",7964
67386,"{""waze"": ""1213557084"", ""waze_alert"": [""ea111015-c1e0-4c6a-8765-31ae1392dc80"", ""b5bb412a-c77a-4e1b-bcd3-27c7899a8e96"", ""234f0615-412f-40fe-9965-3b34f1ed6949""]}","2026-04-10 12:17:58.237+00","2026-04-10 12:18:36.923282+00","2026-04-10 12:18:36.923282+00","2026-04-10 14:01:40.870991+00","0102000020E6100000070000008BFED0CC9393304084D72E6D389648404DF564FED1933040022D5DC136964840297B4B395F943040698EACFC329648401DAF40F4A4943040E7E3DA50319648409A0AF148BC943040A03715A930964840A94D9CDCEF943040416326512F96484066A4DE53399530407EC9C6832D964840","Brno","Jihlavská","602","secondary",72.0,471.0,14.1,35.138095238095225,"moderate",100,"{""id"": 1213557084, ""city"": ""Brno"", ""line"": [{""x"": 16.576474, ""y"": 49.173597}, {""x"": 16.577423, ""y"": 49.173546}, {""x"": 16.579578, ""y"": 49.173431}, {""x"": 16.580642, ""y"": 49.17338}, {""x"": 16.580998, ""y"": 49.17336}, {""x"": 16.581785, ""y"": 49.173319}, {""x"": 16.582906, ""y"": 49.173264}], ""uuid"": 1213557084, ""_type"": ""jam"", ""delay"": 72, ""level"": 2, ""speed"": 3.9166666666666665, ""length"": 471, ""street"": ""Jihlavská"", ""_source"": ""waze"", ""country"": ""EZ"", ""endNode"": ""Dlouhá"", ""roadType"": 7, ""segments"": [{""ID"": 290154835, ""toNode"": 96733981, ""fromNode"": 239428791, ""isForward"": true}, {""ID"": 90076579, ""toNode"": 151699792, ""fromNode"": 96733981, ""isForward"": true}, {""ID"": 142027990, ""toNode"": 151699793, ""fromNode"": 151699792, ""isForward"": true}, {""ID"": 145060923, ""toNode"": 153329659, ""fromNode"": 151699793, ""isForward"": false}, {""ID"": 145611346, ""toNode"": 151659324, ""fromNode"": 153329659, ""isForward"": false}], ""speedKMH"": 14.1, ""turnType"": ""NONE"", ""pubMillis"": 1775823478237, ""_fetchedAt"": ""2026-04-10T14:01:40.327492682Z""}",7966
65168,"{""waze"": ""1205779504"", ""waze_alert"": [""7c91bb66-0e9e-4acc-981a-d18b536312e3"", ""ea111015-c1e0-4c6a-8765-31ae1392dc80"", ""7f8d5f71-ec10-43db-9752-89f96484d87b""]}","2026-04-10 11:38:51.847+00","2026-04-10 11:39:38.833538+00","2026-04-10 11:39:38.833538+00","2026-04-10 13:08:41.945065+00","0102000020E610000003000000AA2A3410CB96304006483481229648405B28999CDA9530402D0B26FE28964840E7ABE46377953040EAB303AE2B964840","Brno","Jihlavská","602","secondary",80.0,379.0,10.86,29.897869249394674,"heavy",100,"{""id"": 1205779504, ""city"": ""Brno"", ""line"": [{""x"": 16.589036, ""y"": 49.172928}, {""x"": 16.585367, ""y"": 49.173126}, {""x"": 16.583853, ""y"": 49.173208}], ""uuid"": 1205779504, ""_type"": ""jam"", ""delay"": 80, ""level"": 3, ""speed"": 3.0166666666666666, ""length"": 379, ""street"": ""Jihlavská"", ""_source"": ""waze"", ""country"": ""EZ"", ""endNode"": ""Dlouhá"", ""roadType"": 7, ""segments"": [{""ID"": 309974246, ""toNode"": 251306715, ""fromNode"": 252029889, ""isForward"": false}, {""ID"": 308655556, ""toNode"": 52246925, ""fromNode"": 251306715, ""isForward"": false}], ""speedKMH"": 10.86, ""turnType"": ""NONE"", ""pubMillis"": 1775821131847, ""_fetchedAt"": ""2026-04-10T13:08:39.346161217Z""}",7935
75731,"{""waze"": ""1231305430"", ""waze_alert"": [""234a42ef-1f19-4497-8020-0e3765e368b5"", ""1d93d11d-028a-4d7b-9ad2-2365a4abcb8d"", ""d47b324b-941c-40aa-8d00-66a8c494e40a""]}","2026-04-10 13:38:17.38+00","2026-04-10 13:39:43.070513+00","2026-04-10 13:39:43.070513+00","2026-04-10 14:16:55.948296+00","0102000020E610000010000000855D143DF08D304097AAB4C5359648409886E123628E304000C5C892399648401B13622EA98E3040DB8651103C96484053E9279CDD8E3040B18BA2073E9648409301A08A1B8F30402788BA0F40964840AD8905BEA28F3040965F06634496484053094FE8F58F304035EF3845479648400057B2632390304076AA7CCF489648400403081F4A9030400403081F4A964840DF1B4300709030404BAFCDC64A9648402D0ABB287A903040ECA694D74A964840A7B228ECA2903040C2DF2F664B96484055850662D9903040CE8DE9094B96484030F5F3A6229130409F3D97A94996484079EA9106B7913040DD0BCC0A45964840EBFEB1101D9230404FE78A5242964840","Brno","Jihlavská","602","secondary",780.0,1193.0,4.93,47.11473965287047,"standstill",100,"{""jam"": {""id"": 1231305430, ""city"": ""Brno"", ""line"": [{""x"": 16.554447, ""y"": 49.173516}, {""x"": 16.556185, ""y"": 49.173632}, {""x"": 16.557269, ""y"": 49.173708}, {""x"": 16.558069, ""y"": 49.173768}, {""x"": 16.559014, ""y"": 49.17383}, {""x"": 16.561077, ""y"": 49.173962}, {""x"": 16.562346, ""y"": 49.17405}, {""x"": 16.56304, ""y"": 49.174097}, {""x"": 16.563631, ""y"": 49.174137}, {""x"": 16.564209, ""y"": 49.174157}, {""x"": 16.564364, ""y"": 49.174159}, {""x"": 16.564986, ""y"": 49.174176}, {""x"": 16.565817, ""y"": 49.174165}, {""x"": 16.566935, ""y"": 49.174123}, {""x"": 16.569199, ""y"": 49.173982}, {""x"": 16.570756, ""y"": 49.173899}], ""uuid"": 1231305430, ""_type"": ""jam"", ""delay"": 780, ""level"": 4, ""speed"": 1.3694444444444445, ""length"": 1193, ""street"": ""Jihlavská"", ""_source"": ""waze"", ""country"": ""EZ"", ""endNode"": """", ""roadType"": 7, ""segments"": [{""ID"": 285680849, ""toNode"": 235708177, ""fromNode"": 154091533, ""isForward"": true}, {""ID"": 141023934, ""toNode"": 151015806, ""fromNode"": 235708177, ""isForward"": false}, {""ID"": 84016602, ""toNode"": 91330822, ""fromNode"": 151015806, ""isForward"": false}, {""ID"": 84216256, ""toNode"": 91418120, ""fromNode"": 91330822, ""isForward"": false}, {""ID"": 182727379, ""toNode"": 151015951, ""fromNode"": 91418120, ""isForward"": false}, {""ID"": 297990221, ""toNode"": 244428537, ""fromNode"": 151015951, ""isForward"": true}, {""ID"": 297990218, ""toNode"": 218935082, ""fromNode"": 244428537, ""isForward"": true}, {""ID"": 260619539, ""toNode"": 96728320, ""fromNode"": 218935082, ""isForward"": true}, {""ID"": 205262250, ""toNode"": 185116406, ""fromNode"": 96728320, ""isForward"": false}, {""ID"": 205262260, ""toNode"": 185116407, ""fromNode"": 185116406, ""isForward"": true}, {""ID"": 205262252, ""toNode"": 185116231, ""fromNode"": 185116407, ""isForward"": true}, {""ID"": 205261838, ""toNode"": 92813100, ""fromNode"": 185116231, ""isForward"": true}, {""ID"": 86290950, ""toNode"": 96728279, ""fromNode"": 92813100, ""isForward"": true}, {""ID"": 90067547, ""toNode"": 96733838, ""fromNode"": 96728279, ""isForward"": true}], ""speedKMH"": 4.93, ""turnType"": ""NONE"", ""pubMillis"": 1775828297380, ""_fetchedAt"": ""2026-04-10T13:40:40.288839483Z""}, ""alerts"": [{""type"": ""HAZARD"", ""uuid"": ""1d93d11d-028a-4d7b-9ad2-2365a4abcb8d"", ""_type"": ""alert"", ""magvar"": 297, ""street"": ""D1"", ""_source"": ""waze"", ""country"": ""EZ"", ""subtype"": ""HAZARD_ON_SHOULDER_CAR_STOPPED"", ""location"": {""x"": 16.554582, ""y"": 49.164555}, ""roadType"": 3, ""pubMillis"": 1775828417000, ""_fetchedAt"": ""2026-04-10T13:40:40.288839483Z"", ""confidence"": 0, ""reliability"": 6, ""reportRating"": 4, ""reportByMunicipalityUser"": ""false""}, {""city"": ""Brno"", ""type"": ""JAM"", ""uuid"": ""d47b324b-941c-40aa-8d00-66a8c494e40a"", ""_type"": ""alert"", ""magvar"": 24, ""street"": ""» Starý Lískovec / Kohoutovice"", ""_source"": ""waze"", ""country"": ""EZ"", ""subtype"": ""JAM_HEAVY_TRAFFIC"", ""location"": {""x"": 16.550761, ""y"": 49.174068}, ""roadType"": 4, ""pubMillis"": 1775828588000, ""_fetchedAt"": ""2026-04-10T13:43:40.303806779Z"", ""confidence"": 0, ""reliability"": 5, ""reportRating"": 4, ""reportByMunicipalityUser"": ""false""}]}",8197
75255,"{""waze"": ""1230478166"", ""waze_alert"": [""22fc9667-cf2c-42ec-8839-ed6f95823f2d"", ""234a42ef-1f19-4497-8020-0e3765e368b5""]}","2026-04-10 13:35:12.66+00","2026-04-10 13:35:40.517428+00","2026-04-10 13:35:40.517428+00","2026-04-10 14:05:50.697994+00","0102000020E61000000F0000009886E123628E304000C5C892399648401B13622EA98E3040DB8651103C96484053E9279CDD8E3040B18BA2073E9648409301A08A1B8F30402788BA0F40964840AD8905BEA28F3040965F06634496484053094FE8F58F304035EF3845479648400057B2632390304076AA7CCF489648400403081F4A9030400403081F4A964840DF1B4300709030404BAFCDC64A9648402D0ABB287A903040ECA694D74A964840A7B228ECA2903040C2DF2F664B96484055850662D9903040CE8DE9094B96484030F5F3A6229130409F3D97A94996484079EA9106B7913040DD0BCC0A45964840EBFEB1101D9230404FE78A5242964840","Brno","Jihlavská","602","secondary",816.0,1066.0,4.26,45.230677290836674,"standstill",100,"{""id"": 1230478166, ""city"": ""Brno"", ""line"": [{""x"": 16.556185, ""y"": 49.173632}, {""x"": 16.557269, ""y"": 49.173708}, {""x"": 16.558069, ""y"": 49.173768}, {""x"": 16.559014, ""y"": 49.17383}, {""x"": 16.561077, ""y"": 49.173962}, {""x"": 16.562346, ""y"": 49.17405}, {""x"": 16.56304, ""y"": 49.174097}, {""x"": 16.563631, ""y"": 49.174137}, {""x"": 16.564209, ""y"": 49.174157}, {""x"": 16.564364, ""y"": 49.174159}, {""x"": 16.564986, ""y"": 49.174176}, {""x"": 16.565817, ""y"": 49.174165}, {""x"": 16.566935, ""y"": 49.174123}, {""x"": 16.569199, ""y"": 49.173982}, {""x"": 16.570756, ""y"": 49.173899}], ""uuid"": 1230478166, ""_type"": ""jam"", ""delay"": 816, ""level"": 4, ""speed"": 1.1833333333333333, ""length"": 1066, ""street"": ""Jihlavská"", ""_source"": ""waze"", ""country"": ""EZ"", ""endNode"": """", ""roadType"": 7, ""segments"": [{""ID"": 141023934, ""toNode"": 151015806, ""fromNode"": 235708177, ""isForward"": false}, {""ID"": 84016602, ""toNode"": 91330822, ""fromNode"": 151015806, ""isForward"": false}, {""ID"": 84216256, ""toNode"": 91418120, ""fromNode"": 91330822, ""isForward"": false}, {""ID"": 182727379, ""toNode"": 151015951, ""fromNode"": 91418120, ""isForward"": false}, {""ID"": 297990221, ""toNode"": 244428537, ""fromNode"": 151015951, ""isForward"": true}, {""ID"": 297990218, ""toNode"": 218935082, ""fromNode"": 244428537, ""isForward"": true}, {""ID"": 260619539, ""toNode"": 96728320, ""fromNode"": 218935082, ""isForward"": true}, {""ID"": 205262250, ""toNode"": 185116406, ""fromNode"": 96728320, ""isForward"": false}, {""ID"": 205262260, ""toNode"": 185116407, ""fromNode"": 185116406, ""isForward"": true}, {""ID"": 205262252, ""toNode"": 185116231, ""fromNode"": 185116407, ""isForward"": true}, {""ID"": 205261838, ""toNode"": 92813100, ""fromNode"": 185116231, ""isForward"": true}, {""ID"": 86290950, ""toNode"": 96728279, ""fromNode"": 92813100, ""isForward"": true}, {""ID"": 90067547, ""toNode"": 96733838, ""fromNode"": 96728279, ""isForward"": true}], ""speedKMH"": 4.26, ""turnType"": ""NONE"", ""pubMillis"": 1775828112660, ""_fetchedAt"": ""2026-04-10T13:42:40.318394403Z""}",8197
71978,"{""waze"": ""1224142358"", ""waze_alert"": [""faf8d8b9-262d-4e25-ae52-54756de260f0""]}","2026-04-10 13:06:26.935+00","2026-04-10 13:06:43.871094+00","2026-04-10 13:06:43.871094+00","2026-04-10 13:35:52.538488+00","0102000020E610000007000000855D143DF08D304097AAB4C5359648409886E123628E304000C5C892399648401B13622EA98E3040DB8651103C96484053E9279CDD8E3040B18BA2073E9648409301A08A1B8F30402788BA0F40964840AD8905BEA28F3040965F06634496484053094FE8F58F304035EF384547964840","Brno","Jihlavská","602","secondary",95.0,579.0,15.56,53.50258000659847,"heavy",100,"{""id"": 1224142358, ""city"": ""Brno"", ""line"": [{""x"": 16.554447, ""y"": 49.173516}, {""x"": 16.556185, ""y"": 49.173632}, {""x"": 16.557269, ""y"": 49.173708}, {""x"": 16.558069, ""y"": 49.173768}, {""x"": 16.559014, ""y"": 49.17383}, {""x"": 16.561077, ""y"": 49.173962}, {""x"": 16.562346, ""y"": 49.17405}], ""uuid"": 1224142358, ""_type"": ""jam"", ""delay"": 95, ""level"": 3, ""speed"": 4.322222222222222, ""length"": 579, ""street"": ""Jihlavská"", ""_source"": ""waze"", ""country"": ""EZ"", ""endNode"": ""» Popůvky"", ""roadType"": 7, ""segments"": [{""ID"": 285680849, ""toNode"": 235708177, ""fromNode"": 154091533, ""isForward"": true}, {""ID"": 141023934, ""toNode"": 151015806, ""fromNode"": 235708177, ""isForward"": false}, {""ID"": 84016602, ""toNode"": 91330822, ""fromNode"": 151015806, ""isForward"": false}, {""ID"": 84216256, ""toNode"": 91418120, ""fromNode"": 91330822, ""isForward"": false}, {""ID"": 182727379, ""toNode"": 151015951, ""fromNode"": 91418120, ""isForward"": false}, {""ID"": 297990221, ""toNode"": 244428537, ""fromNode"": 151015951, ""isForward"": true}], ""speedKMH"": 15.56, ""turnType"": ""NONE"", ""pubMillis"": 1775826386935, ""_fetchedAt"": ""2026-04-10T13:08:39.346161217Z""}",8716
64720,"{""waze"": ""1200704492""}","2026-04-10 11:12:33.797+00","2026-04-10 11:29:38.014534+00","2026-04-10 11:29:38.014534+00","2026-04-10 15:27:46.885546+00","0102000020E610000007000000DF1B4300709030404BAFCDC64A9648402D0ABB287A903040ECA694D74A964840A7B228ECA2903040C2DF2F664B96484055850662D9903040CE8DE9094B96484030F5F3A6229130409F3D97A94996484079EA9106B7913040DD0BCC0A45964840EBFEB1101D9230404FE78A5242964840","Brno","Jihlavská","602","secondary",96.0,478.0,12.42,40.44114441416894,"heavy",80,"{""id"": 1200704492, ""city"": ""Brno"", ""line"": [{""x"": 16.564209, ""y"": 49.174157}, {""x"": 16.564364, ""y"": 49.174159}, {""x"": 16.564986, ""y"": 49.174176}, {""x"": 16.565817, ""y"": 49.174165}, {""x"": 16.566935, ""y"": 49.174123}, {""x"": 16.569199, ""y"": 49.173982}, {""x"": 16.570756, ""y"": 49.173899}], ""uuid"": 1200704492, ""_type"": ""jam"", ""delay"": 96, ""level"": 3, ""speed"": 3.45, ""length"": 478, ""street"": ""Jihlavská"", ""_source"": ""waze"", ""country"": ""EZ"", ""endNode"": """", ""roadType"": 7, ""segments"": [{""ID"": 205262260, ""toNode"": 185116407, ""fromNode"": 185116406, ""isForward"": true}, {""ID"": 205262252, ""toNode"": 185116231, ""fromNode"": 185116407, ""isForward"": true}, {""ID"": 205261838, ""toNode"": 92813100, ""fromNode"": 185116231, ""isForward"": true}, {""ID"": 86290950, ""toNode"": 96728279, ""fromNode"": 92813100, ""isForward"": true}, {""ID"": 90067547, ""toNode"": 96733838, ""fromNode"": 96728279, ""isForward"": true}], ""speedKMH"": 12.42, ""turnType"": ""NONE"", ""pubMillis"": 1775819553797, ""_fetchedAt"": ""2026-04-10T15:27:44.255611482Z""}",8181
83263,"{""waze"": ""1260957038""}","2026-04-10 15:24:00.896+00","2026-04-10 15:24:47.979332+00","2026-04-10 15:24:47.979332+00","2026-04-10 15:31:47.751613+00","0102000020E610000003000000AA2A3410CB96304006483481229648405B28999CDA9530402D0B26FE28964840E7ABE46377953040EAB303AE2B964840","Brno","Jihlavská","602","secondary",82.0,379.0,10.7,29.977577002053398,"heavy",80,"{""id"": 1260957038, ""city"": ""Brno"", ""line"": [{""x"": 16.589036, ""y"": 49.172928}, {""x"": 16.585367, ""y"": 49.173126}, {""x"": 16.583853, ""y"": 49.173208}], ""uuid"": 1260957038, ""_type"": ""jam"", ""delay"": 82, ""level"": 3, ""speed"": 2.9722222222222223, ""length"": 379, ""street"": ""Jihlavská"", ""_source"": ""waze"", ""country"": ""EZ"", ""endNode"": ""Dlouhá"", ""roadType"": 7, ""segments"": [{""ID"": 309974246, ""toNode"": 251306715, ""fromNode"": 252029889, ""isForward"": false}, {""ID"": 308655556, ""toNode"": 52246925, ""fromNode"": 251306715, ""isForward"": false}], ""speedKMH"": 10.7, ""turnType"": ""NONE"", ""pubMillis"": 1775834640896, ""_fetchedAt"": ""2026-04-10T15:31:44.279674309Z""}",7935
77532,"{""waze"": ""1235120038"", ""waze_alert"": [""eef233cd-dd6e-47df-8b0f-6cc4df937286"", ""aa56db7f-de6c-474d-8ebb-af6317c78fbb"", ""aeeca31b-ec2e-4612-a7ae-35db19302f77"", ""7f106353-5b89-4868-a89e-03a93bb1c427"", ""72cac24a-2e3e-4d46-82fd-c3b4acaf6da1"", ""a0326e47-53bd-4bf7-ba1c-5cdbca813e00""]}","2026-04-10 13:54:03.817+00","2026-04-10 13:54:44.750762+00","2026-04-10 13:54:44.750762+00","2026-04-10 14:49:47.968366+00","0102000020E6100000040000004774CFBA4697304032772D211F9648406F2EFEB627983040CF81E508199648403370404B57983040A13193A817964840344C6DA983983040F4BF5C8B16964840","Brno","Jihlavská","602","secondary",100.0,354.0,10.14,49.62525345622122,"heavy",100,"{""id"": 1235120038, ""city"": ""Brno"", ""line"": [{""x"": 16.590923, ""y"": 49.172825}, {""x"": 16.594356, ""y"": 49.172639}, {""x"": 16.595082, ""y"": 49.172597}, {""x"": 16.595759, ""y"": 49.172563}], ""uuid"": 1235120038, ""_type"": ""jam"", ""delay"": 100, ""level"": 3, ""speed"": 2.816666666666667, ""length"": 354, ""street"": ""Jihlavská"", ""_source"": ""waze"", ""country"": ""EZ"", ""endNode"": ""Vídeňská"", ""roadType"": 7, ""segments"": [{""ID"": 102861528, ""toNode"": 110126301, ""fromNode"": 110867904, ""isForward"": true}, {""ID"": 101585872, ""toNode"": 151703777, ""fromNode"": 110126301, ""isForward"": true}, {""ID"": 102086038, ""toNode"": 111701035, ""fromNode"": 151703777, ""isForward"": true}], ""speedKMH"": 10.14, ""turnType"": ""NONE"", ""pubMillis"": 1775829243817, ""_fetchedAt"": ""2026-04-10T14:49:44.266080303Z""}",6501
83700,"{""waze"": ""e456f99b-0132-426c-926d-10845c41a97b""}","2026-04-10 15:48:31+00","2026-04-10 15:48:53.880904+00","2026-04-10 15:48:53.880904+00","2026-04-10 15:55:54.2701+00",NULL,"Brno","Jihlavská","602","secondary",NULL,NULL,NULL,NULL,"moderate",40,"{""city"": ""Brno"", ""type"": ""JAM"", ""uuid"": ""e456f99b-0132-426c-926d-10845c41a97b"", ""_type"": ""alert"", ""magvar"": 263, ""street"": ""Jihlavská"", ""_source"": ""waze"", ""country"": ""EZ"", ""subtype"": """", ""location"": {""x"": 16.553726, ""y"": 49.173462}, ""roadType"": 7, ""pubMillis"": 1775836111000, ""_fetchedAt"": ""2026-04-10T15:55:44.268211332Z"", ""confidence"": 0, ""reliability"": 5, ""reportRating"": 3, ""reportByMunicipalityUser"": ""false""}",8573
83701,"{""waze"": ""a2784b19-135d-418f-85c3-2e12ed8fda19""}","2026-04-10 15:48:36+00","2026-04-10 15:48:53.913942+00","2026-04-10 15:48:53.913942+00","2026-04-10 15:55:54.319009+00",NULL,"Brno","Jihlavská","602","secondary",NULL,NULL,NULL,NULL,"moderate",40,"{""city"": ""Brno"", ""type"": ""JAM"", ""uuid"": ""a2784b19-135d-418f-85c3-2e12ed8fda19"", ""_type"": ""alert"", ""magvar"": 265, ""street"": ""Jihlavská"", ""_source"": ""waze"", ""country"": ""EZ"", ""subtype"": """", ""location"": {""x"": 16.552797, ""y"": 49.173398}, ""roadType"": 7, ""pubMillis"": 1775836116000, ""_fetchedAt"": ""2026-04-10T15:55:44.268211332Z"", ""confidence"": 0, ""reliability"": 5, ""reportRating"": 3, ""reportByMunicipalityUser"": ""false""}",8577
